0.13989,-0.39723,4.34790
-0.41150,0.23084,-16.2164
0.56746,-0.16169,-22.1959
-0.66245,-0.01097,-14.2672
-0.07732,0.71876,34.7988
-0.87096,-0.64672,15.1431
-0.27019,-0.70301,-5.05166
-0.30469,0.32503,-17.5172
0.80579,0.02087,-0.78704
0.78119,-0.07489,-22.7590
-0.40001,0.21324,4.29343
0.34072,-0.55302,-12.4351
0.72697,0.15869,-3.25511
0.26902,0.12517,-6.95634
0.01704,0.03261,0.12626
-0.24900,0.05929,3.72581
0.05169,0.81952,3.90516
0.49920,-0.13780,3.23298
0.10173,0.43163,-8.83005
0.41889,-0.78272,13.7555
-1.21330,0.33240,8.09598
0.28167,-0.07310,-0.60946
-0.53053,0.44314,10.7090
-0.10823,-0.26294,2.66645
-0.14948,-1.08527,-7.37202
0.07319,-0.16075,-7.88551
0.22893,0.51063,-8.05907
-0.21403,-0.73407,-8.08300
1.45533,0.64560,11.3415
0.03889,0.08063,9.79990
0.47469,0.24673,24.9504
0.40551,-0.20930,-9.62021
-0.38183,0.35091,-10.2071
-0.04555,0.38884,10.1230
-0.49811,-0.08312,-20.2255
0.05180,0.32715,1.26457
0.65832,0.09365,-0.44894
0.35400,-0.02368,-28.3350
-0.02842,0.07094,0.12291
-0.41951,-0.10158,-15.2168
-0.41501,0.50184,18.7720
0.16881,0.29359,2.54187
0.29174,0.11809,15.9836
0.37736,-0.80579,-12.2800
0.19376,1.02966,-23.0204
0.47912,0.17676,6.85931
0.06950,-0.46966,3.21867
0.21835,0.24361,5.51100
-0.34767,-0.49442,-15.7491
-0.40682,0.81430,-1.98348
-0.32813,0.21843,-8.66697
0.31656,-0.33379,9.26487
-0.07002,-0.02617,17.2403
-0.92603,0.59032,11.7337
-1.21349,-0.84572,-36.9716
-0.06567,-0.44706,1.12304
0.08267,-0.45097,14.9866
0.47817,0.04527,-3.81669
-0.15871,-0.11324,12.6085
0.55777,0.43371,-15.7952
-0.52665,-0.13378,-7.27724
0.03966,-0.41082,9.39640
-0.02429,0.63945,-26.5460
-0.28836,-0.07882,-8.99148
-0.16881,0.06302,2.51976
-0.28088,-0.67611,-4.80886
-0.27336,-0.00321,-0.72546
-0.25195,0.56405,-12.6007
0.17682,-0.01556,4.83469
0.76298,-0.15967,13.7965
0.38413,0.54817,-15.9408
-0.91792,-0.77968,31.9613
0.41076,-0.03076,3.08038
-0.38982,0.56392,18.0271
0.03115,0.13089,-1.63916
0.99690,0.50315,-18.2871
-0.10878,0.25985,31.8166
-0.08663,0.13543,-6.35763
-0.29448,-0.18095,4.74866
0.00072,0.44927,-22.3059
0.34848,0.10908,10.8195
0.58740,-0.36577,-7.82001
-0.56297,-0.21645,-5.46371
1.06209,0.13234,-19.4885
0.35652,0.48255,3.98911
0.75857,-0.03010,50.6039
0.55523,0.28380,6.75823
-0.07470,-0.92569,6.20330
-0.00848,-0.15277,11.1796
-0.32162,-0.10526,-8.06575
-0.25280,-0.53454,22.6673
0.18911,-0.03795,-6.59610
0.94943,-0.98689,2.47870
0.17046,-0.31177,19.1775
0.31009,0.22650,-5.95961
-0.33643,-0.38446,1.64537
-0.55074,-0.03935,-0.57208
0.46298,-0.38642,-28.9081
0.05815,-0.11287,8.31876
1.23183,0.32307,-8.04880
0.90423,-0.59849,12.9311
0.26794,-0.06800,3.86445
-0.43884,0.21098,-1.30924
-0.02586,-0.09825,5.14109
0.27455,0.12986,25.1987
-0.12918,-0.58895,4.25041
-0.56063,-0.84606,-1.93634
-0.47173,-0.60764,9.63593
-0.95683,-0.23629,-8.24232
-0.30411,-1.11808,-14.3491
-0.22402,-0.22597,-12.9192
-0.90915,0.34292,9.84576
-0.62301,-0.32605,13.7232
-0.95687,-0.35431,-20.9398
0.42685,-0.32480,-6.78079
-1.08155,0.31474,-9.09483
-0.55726,0.13010,0.47768
0.00344,0.14459,12.4822
0.26141,-0.04023,13.9454
0.09487,0.20162,15.4446
-0.07358,0.27478,-16.8798
-0.69665,0.11886,-5.70965
-0.21044,0.95608,-34.3018
-0.67620,-0.04847,2.67036
-0.23647,0.81201,-16.9267
-1.16174,-0.20250,-4.05766
0.68039,0.31696,-10.4150
-0.35889,-0.29094,24.0919
0.80579,0.02087,-0.78704
-0.12368,0.95481,-6.97433
-0.40962,0.45574,-4.55205
-0.17505,-0.23903,-14.3924
0.49254,-0.16574,-6.95789
0.22597,-0.44356,-8.29372
-0.29974,-0.39758,8.07925
-0.32214,-0.36679,2.04796
0.05943,0.39755,6.54170
0.83634,-0.13278,3.73645
0.41399,-0.08901,10.7855
-0.13299,0.02711,3.66472
0.32590,-0.73155,21.0578
0.35713,0.70959,-23.4596
0.20257,-0.53211,15.7904
0.41399,-0.08901,10.7855
0.04758,0.23279,-6.02429
0.13991,-0.55098,-27.2847
0.03056,-0.25559,6.83042
-0.30461,-0.66900,2.88755
-0.20665,-0.48697,1.53754
0.01120,0.22753,-2.46450
-0.43682,-0.11847,2.56328
0.75384,0.30239,6.49865
-0.25307,-0.58240,-0.97294
0.34628,-0.32513,31.6040
-0.20800,0.06013,20.6194
-0.19797,-0.09985,8.07788
0.65431,-0.18884,17.4030
0.52001,-0.12491,6.15837
0.32377,-0.72340,6.53956
0.35713,0.70959,-23.4596
0.33302,0.00971,-4.34023
0.25613,-0.61339,15.2230
-0.47473,0.32813,13.2178
0.05313,0.11860,6.62033
-0.37284,0.05479,-22.8980
-0.43682,-0.11847,2.56328
-0.09191,-0.32833,-0.47942
-0.19378,0.03689,12.5951
-0.51800,0.40230,19.7979
-0.99191,-0.02099,-2.36594
0.31314,0.34051,-2.10852
-0.05359,-0.05226,31.8161
-0.27022,0.07022,-14.2020
0.81758,-0.48905,18.7586
-0.34270,0.13107,-2.23919
0.05084,-0.22546,-2.28883
1.13720,0.17010,-6.62313
0.61210,-0.39208,32.0421
0.89217,0.32335,12.0453
-0.39642,-0.61529,19.5689
-0.65867,0.25780,27.1297
0.39495,0.55605,-7.46129
0.07189,-0.07323,-14.1031
-0.16469,-0.49847,-12.2951
0.31242,0.94036,1.76180
0.34351,0.56251,-11.6159
0.30622,0.11455,1.00175
-0.49808,0.69411,-14.9740
0.09559,0.11269,8.61821
0.12209,-0.34478,0.76541
-0.40291,0.45830,-21.8209
-0.07670,0.08149,-36.6866
0.25247,0.42766,5.65846
0.15014,-0.22474,-3.25217
0.31578,-0.08126,8.48687
0.15064,-0.58260,-2.14750
0.11090,0.47854,-5.93406
-0.47173,-0.60764,9.63593
-0.26483,0.27339,-25.8643
0.04621,-0.07135,-7.74897
-0.32162,-0.10526,-8.06575
0.12202,-0.47614,-3.07461
-0.09770,0.70643,-22.5777
0.02597,-0.00333,1.08029
0.38413,0.54817,-15.9408
0.33263,-0.01675,14.4456
-0.07452,-0.34291,5.59035
0.14992,-0.08285,-2.91065
0.13887,-0.47172,0.88881
0.72697,0.15869,-3.25511
-0.06029,0.22458,22.5056
-0.96400,0.42418,26.5511
0.52001,-0.12491,6.15837
0.04903,-0.46861,-0.10208
-0.47593,0.51736,10.8994
0.46696,-0.68883,-8.54048
-0.44207,-0.22732,-6.64147
0.86412,0.89414,-17.8112
-0.22812,0.18767,-0.15219
-0.60236,0.67638,-8.05397
-0.20456,-0.05470,19.6596
-0.43758,0.29156,16.1970
-0.26888,-0.43674,4.15163
0.13161,0.08394,2.83366
-0.08474,-0.27014,11.3379
0.13920,-0.42238,7.45413
0.35400,-0.02368,-28.3350
0.32730,-0.55879,-1.07529
-0.43136,-0.16134,-10.4188
0.08080,1.13161,14.4683
0.45214,-0.81678,4.89196
-0.26714,-0.61579,-16.0074
0.04004,0.25349,-6.52424
-0.27123,-0.02295,-5.59894
0.12032,0.58961,35.9614
-0.09882,0.19480,10.2268
-0.56853,-0.69360,-22.7482
-0.85767,-0.38537,7.43217
-0.34156,0.79916,0.64052
-0.16427,-0.52005,12.4710
-0.69041,0.17489,-3.81694
0.29793,-0.10317,3.37657
0.12269,0.53790,10.3485
-0.02531,-0.07634,-17.0951
-0.21776,-0.60097,-10.5955
-0.07849,-0.67997,10.0512
-0.61953,-0.36306,-10.9808
0.94847,0.46009,-2.33648
0.41889,-0.47560,1.58408
0.03966,-0.41082,9.39640
-0.22613,0.31909,-7.40497
0.37823,-0.09423,-5.88550
-0.80152,-0.48127,-0.90136
0.72697,0.15869,-3.25511
0.08219,0.20994,-11.9172
0.13051,0.08053,-18.6388
-0.31452,0.80195,34.2394
-1.06136,0.49500,-27.4136
-0.27123,-0.02295,-5.59894
0.66904,0.97781,-16.3206
-0.38696,1.01177,12.6290
0.15336,-0.30296,1.87515
0.27611,0.67378,5.96339
-0.34956,0.46667,-4.00422
0.42783,-0.63526,5.66572
-0.08290,-0.11756,8.13182
-0.18466,-0.14247,0.34565
-0.22613,0.31909,-7.40497
-0.14538,0.25718,7.23702
0.06100,0.14903,4.63535
0.37664,0.32303,5.34428
0.11616,-0.37355,5.98242
0.00112,0.05411,7.52900
-0.41725,0.54246,-20.6822
-0.11993,-0.17446,-7.11708
0.73312,0.22823,-21.7295
0.71608,-0.18834,13.6785
0.20033,-0.65880,5.30071
0.62590,1.09546,-1.75622
0.73685,0.02787,-11.3040
-0.18512,0.04453,-0.97992
-0.46483,1.00077,12.5204
-0.06147,-0.81409,19.9126
0.73711,-0.03964,-22.3605
-0.50263,-0.53884,8.87402
0.34879,-1.22952,-5.08997
-1.12268,-0.32800,-6.63557
0.12009,-0.29277,-11.6461
1.07529,0.30935,4.98915
0.28868,0.03774,-26.6725
0.41279,-0.77478,-19.9237
0.48527,0.74457,10.4334
-0.01802,0.87948,-1.76778
-0.28796,-0.03685,-13.6776
0.25034,-0.44357,4.58368
-0.77507,0.41874,-6.33835
0.09094,-0.30340,1.94502
-0.88284,0.21103,-1.62504
-0.54343,-0.62932,25.9082
-0.13264,-0.51539,16.4049
0.04877,0.46729,-4.23731
-0.20500,-0.39269,-10.0600
-0.05518,0.40922,9.10166
-0.25075,-0.53424,-8.45895
0.41076,-0.03076,3.08038
0.78930,0.02043,4.78521
-0.37781,-0.21896,10.6093
-0.61662,0.18745,10.5405
1.10891,1.22739,-10.6416
-0.24048,0.25020,-3.20064
0.10583,-0.64616,-2.93701
-0.68241,-0.00878,17.1286
0.10004,-1.24731,26.4288
-0.33242,-0.15912,-6.02883
-0.30343,-0.02978,22.0403
0.68537,-0.77322,5.05977
0.66014,1.38373,-21.0220
0.19634,0.03736,-14.6725
-0.26138,-0.27141,-12.8471
0.05571,0.90892,-10.6126
-0.32377,-0.13431,-22.6470
-0.67620,-0.04847,2.67036
0.10569,1.14782,8.96227
-0.36501,0.30414,-21.2824
0.93773,-0.53265,-13.6364
0.63598,0.06236,-7.69842
0.59030,-0.54653,16.1962
0.42380,-0.22763,14.3925
-0.07275,-0.61547,-11.2663
0.43212,-0.49219,-7.33199
-0.12449,-0.41145,-3.51459
-0.03074,0.14561,14.0105
-0.95683,-0.23629,-8.24232
-0.27182,0.79204,4.85473
0.19102,-0.47540,-4.89326
0.24075,0.05004,16.9987
-0.72236,-0.61533,8.26998
-0.49758,0.04030,15.0906
0.24453,-0.39659,7.62071
-0.23375,0.10204,-8.31368
-0.12444,-0.49638,8.86865
0.60779,-0.02718,6.49345
0.08886,-0.11404,-6.45585
0.45831,0.02833,6.50109
0.16279,-0.86681,1.15694
-1.08037,-0.28863,11.6505
-0.34874,0.09612,12.6799
0.07720,-0.20212,-8.90802
0.48780,-0.83648,-15.0441
-0.23219,-0.05011,-2.67375
0.02517,1.03017,-18.7517
0.11207,0.10857,2.25655
0.38737,-0.38500,-5.42330
0.62282,0.13944,-2.46003
-0.25954,-0.16896,-1.08444
-0.09475,0.01188,-9.05242
-0.72896,-0.39240,12.4753
-1.12763,-0.34416,6.90327
0.45542,0.39299,22.6725
-0.18563,-0.59406,-13.6885
-0.41954,0.00999,4.22438
-0.44364,0.50289,7.94713
-0.48896,-0.37703,8.14679
1.20049,0.07239,13.2165
0.33997,0.42488,7.91284
-0.03654,0.52803,-11.5806
-0.27341,-0.19409,-16.5313
0.63959,-0.28878,-1.59440
0.02973,0.58962,-6.67592
0.57052,-0.37011,13.1877
-0.01193,-0.59872,-15.3867
-0.33423,-1.44761,-11.6275
-0.02750,0.09293,0.59083
0.54997,-0.26225,16.9693
0.41076,-0.03076,3.08038
-0.03523,0.05299,22.6491
0.05547,-0.20921,-4.36187
-0.14714,-0.15698,-0.73414
0.49758,0.40071,-22.9946
0.43927,-0.01711,1.32929
-0.07419,-0.19876,-20.1935
-0.31460,-0.16828,31.5617
0.50961,-0.28902,6.77883
-0.55629,0.01219,-4.67097
0.13755,0.37582,6.88009
0.47993,0.35366,-12.9984
0.75192,0.22488,-2.25106
-0.12570,-0.12013,-0.20648
0.23688,-0.04542,-18.1649
-1.20044,-0.81334,-9.91943
-0.15580,-0.51208,-8.31967
-0.65800,-0.33046,-4.21171
0.27882,-0.30687,-11.3645
-0.52529,-0.42328,-13.8552
-0.23933,0.11754,-1.63091
-0.04081,-0.13902,18.2561
-0.28082,-0.81973,-0.90373
0.15186,-0.77583,2.57708
-0.04722,-0.25198,3.25355
-0.02356,-0.83316,10.4456
0.63405,-0.29121,3.62221
-0.31667,-0.41326,13.8999
-0.62915,0.08770,16.6371
0.20516,-0.85063,16.5385
-1.21330,0.33240,8.09598
-1.20044,-0.81334,-9.91943
0.00779,0.51721,5.16288
-0.92164,0.30264,9.79217
0.36760,0.05022,0.70083
-0.09401,0.28240,16.5370
0.16918,0.18258,-14.6708
0.00726,-0.03038,0.78127
0.50017,-0.35690,17.9506
-0.19272,1.07755,2.42779
0.30521,-0.95761,-1.16059
-0.35386,0.52997,4.19388
-0.25307,-0.58240,-0.97294
-0.02974,-0.47805,15.7540
0.01954,0.20096,-6.62842
0.45547,0.08821,-12.7190
-0.25768,-0.31759,20.6802
-0.44060,0.33647,10.6959
-0.69665,0.11886,-5.70965
0.45641,0.06252,1.85649
-0.03265,-0.32762,-7.84004
-0.28636,0.69508,4.27300
-0.11927,0.05700,-9.11651
-0.23380,0.54813,-11.1607
0.25117,0.06357,13.5469
-0.11545,-0.06302,22.1805
0.36181,0.20225,-1.70285
-0.65313,0.30768,4.76448
-0.69875,-0.35166,-27.0168
0.18911,-0.03795,-6.59610
-0.18488,0.17848,-3.91517
0.04027,-0.83997,-18.7075
0.04761,-0.16901,-31.1300
0.51046,-0.53219,-7.44842
0.35286,-0.11436,27.5053
-0.20030,0.35484,-6.43396
-0.35052,0.41076,-14.5709
-0.39900,0.01125,1.31962
-0.50446,-0.16648,10.0999
-0.51649,-0.67325,15.2647
0.79303,0.30361,10.3484
-0.46676,-0.17350,-4.67218
0.25560,-0.98343,2.31900
0.19652,0.38708,-26.0752
0.08097,0.12430,-0.69395
0.53501,-0.01729,9.02193
0.11165,-0.12377,-15.0994
0.27372,-1.09728,7.52382
0.26190,-0.05318,-4.51011
0.34141,-0.15481,-9.00182
0.17693,0.35432,-6.64533
0.51131,0.36644,4.93251
-0.51907,0.26353,-6.62012
-0.68034,0.24517,12.0520
-0.50591,0.19368,-12.8153
-0.52415,0.16397,-13.2402
-0.12167,0.68994,-13.7189
-0.64688,0.35996,-7.29149
-0.75040,0.76079,18.8858
0.69956,0.71885,-0.42876
0.01649,0.03180,-1.27974
0.56068,-0.41803,-27.0305
-0.06911,-0.59097,14.8309
-0.43846,0.24024,-6.34730
0.10135,-0.97156,14.6581
0.08564,-0.05678,4.91232
-0.18751,0.39942,-19.8115
-0.91901,0.83571,-4.61140
-0.34698,0.51691,-10.4092
0.35317,-0.35181,7.65813
0.09631,-0.13298,-9.44976
0.06380,-0.65446,-3.52900
-0.13373,0.11651,14.9074
0.19392,0.05223,7.57685
0.29363,-0.23246,17.5167
0.78079,-0.18175,-14.4352
0.30582,0.33807,1.67388
-0.26613,-0.04222,-3.22723
-0.44153,-0.02605,-17.8295
0.05393,0.10118,-0.21991
0.06103,-0.11334,3.52752
0.15156,-0.00700,4.93698
0.17141,-0.26951,-19.3462
0.78336,-0.19822,-19.2862
0.21328,-0.22819,15.9238
-0.24141,0.02629,10.6776
-0.19059,0.18522,-1.15705
0.11835,-0.69086,17.7353
-0.52248,-0.08917,7.28060
0.38633,0.13275,-0.52624
0.00789,-1.32948,3.89435
-0.50446,-0.16648,10.0999
0.26545,0.52607,6.43922
0.70464,-0.34712,3.07304
0.91176,0.53173,-9.49005
0.45337,-0.07625,1.16053
0.25341,0.07063,4.46346
0.18841,-0.44350,32.4814
0.01817,0.04097,-0.63204
-0.05669,0.19080,14.8599
0.08051,-0.57863,0.68327
-0.02520,-0.69438,24.8992
-0.43162,-0.49838,10.2479
0.26339,0.81754,-6.20994
0.19639,0.51930,-10.5965
0.14764,-0.31072,0.78777
0.93115,0.48263,14.1330
-0.46250,0.11576,1.80184
-0.49076,-0.02636,-2.24639
-0.30201,-1.33650,-15.6232
0.27473,0.72341,19.3373
-0.15686,0.37497,-10.6534
0.45375,-0.15308,8.97919
-0.19842,0.25787,-11.1750
0.13102,0.45157,4.04166
0.03083,0.35692,7.68004
-0.36475,-0.21197,23.0953
0.11335,-0.75081,-5.39544
0.07627,-0.73592,18.9954
-1.08037,-0.28863,11.6505
-0.41568,-0.09493,-13.8705
-0.44622,0.00055,-17.4910
-0.17134,0.73215,-5.40646
-0.43031,0.36006,-1.34052
-0.74751,-0.08036,13.8906
-0.01459,0.59767,-8.38634
-0.31780,1.36823,-6.08667
0.44397,-0.61283,25.1134
0.14774,0.76083,14.6904
0.13051,0.08053,-18.6388
-0.02452,-0.12710,-0.69334
-0.12552,-0.44297,7.06332
0.32122,-0.06007,-28.6272
-0.38166,-0.59467,13.6993
-0.27336,-0.00321,-0.72546
0.08539,0.22613,4.98470
-0.74580,0.08524,-1.14512
1.04872,-1.00839,-38.0636
-0.01708,0.17663,1.02843
0.10522,0.11617,-13.9112
-0.19059,0.18522,-1.15705
0.36555,-0.60325,-18.5848
0.08219,0.20994,-11.9172
0.16213,-0.45022,-7.57622
0.39196,-0.08495,-16.6299
-0.09841,0.00709,-18.8626
-0.22190,0.63700,4.18891
-0.24390,-0.00576,0.54982
-0.87885,0.28157,-26.9833
0.51892,2.02372,-6.78411
0.69568,0.40049,5.57597
-0.25854,0.08387,-5.44189
-1.16581,0.56655,25.6585
0.33474,0.39442,-19.7589
-0.11403,0.99456,4.33842
0.50737,-0.03844,2.92899
-0.16193,0.00954,15.2725
-0.07446,0.03975,-3.88788
-0.74416,0.07216,8.00865
-0.26689,-0.67888,-4.52923
-0.12614,0.36956,-25.7076
-0.36501,0.30414,-21.2824
0.71249,0.43882,-15.1226
0.26835,-0.06577,3.83420
-0.32356,0.30889,-21.8050
0.09949,0.49866,-4.13783
-0.59738,-0.23403,-8.57074
-0.38787,-0.87367,16.0552
0.15064,-0.58260,-2.14750
-0.02195,0.35480,-36.8435
-0.02504,0.30174,-3.48321
-0.28796,-0.03685,-13.6776
0.42455,-0.06118,2.87780
0.56406,0.63350,-23.1948
0.95244,0.59062,3.91914
-0.49057,0.45716,-0.87455
0.22802,-0.84963,15.4769
0.52585,-0.74829,-4.40530
0.27054,0.04891,6.53820
0.17034,0.78481,8.83611
-0.64688,0.35996,-7.29149
-0.46812,-0.44377,-18.5152
-0.61977,-0.29033,18.4808
0.12745,0.24532,11.2853
-0.01468,0.23382,33.1579
0.29961,0.42884,-3.08046
0.99862,0.28255,9.97110
-0.78601,-0.44340,16.6768
-0.32519,-0.80235,-0.85738
0.42605,-0.43768,-5.00342
-0.10594,-0.56938,9.06974
-0.50625,0.14402,-4.54361
0.14225,0.36831,33.0915
0.55831,-0.34662,-16.3449
-0.99212,0.60021,-9.47431
-0.08963,-0.52856,-10.6831
-0.58894,-0.51061,-3.96069
0.05438,0.31217,14.5962
0.54171,-0.39597,17.0648
-0.36253,0.01123,14.4376
-0.47577,-0.78287,-13.9414
-0.14829,-0.55660,8.81904
-0.62071,-0.35319,3.65789
0.31578,-0.08126,8.48687
0.46258,-0.37446,-23.2581
0.65001,-0.99415,-3.44862
-0.18140,-0.38565,-14.7985
0.00556,-0.04555,14.8417
0.38099,0.69589,13.1136
-0.13646,1.24434,-5.44151
0.09468,0.71410,-9.60482
0.00171,-0.13859,-20.6501
0.46611,0.34100,2.00449
-0.09880,-1.10407,-17.6207
-0.16193,0.00954,15.2725
0.07674,0.25095,2.06955
-0.49959,-0.57828,-10.2212
-0.16778,-0.29080,12.0454
-0.78456,0.09989,-0.75628
0.32660,0.13453,15.6563
0.76876,-0.06877,-0.26631
-0.61662,0.18745,10.5405
-0.04549,-0.02917,-0.77221
0.16406,0.14815,40.3545
0.14785,0.00238,-14.2374
0.63555,0.29738,-4.11630
0.00838,-0.25557,-26.6676
0.14416,0.88586,3.18482
-0.19129,-0.24522,-8.55152
-0.24798,-0.95608,-14.3979
-0.30093,0.08514,-13.7763
0.33263,-0.01675,14.4456
-0.12881,-0.37231,7.25774
0.23386,0.30672,-23.6005
-0.52248,-0.08917,7.28060
-0.02878,0.10331,-9.94510
-0.18711,-0.58976,8.49557
-0.11127,-0.21436,-1.30991
-0.34698,0.51691,-10.4092
-0.17096,-0.24199,18.5224
0.01361,-0.22482,2.43150
-0.58348,-0.93947,-5.52130
1.40029,-0.45223,8.65843
0.29707,-0.72038,-1.78130
0.19477,0.10716,-4.27375
-0.00891,-0.60305,-2.55934
-0.06968,-0.21074,-6.12569
0.69275,-0.00151,-6.93916
-0.06051,0.58722,28.9531
0.89626,0.06001,-6.52022
-0.16757,-0.17256,1.88829
0.02918,-0.36741,-22.7567
-0.32969,0.68371,-7.97571
0.38822,-0.74156,13.7209
-0.12080,-0.63056,-10.5716
-0.34558,0.32347,-7.69257
0.57048,0.22292,10.5659
0.41488,0.02667,13.8799
0.11616,-0.37355,5.98242
0.88791,0.10016,28.2530
-0.30442,-0.83968,13.6579
-0.45349,-0.90294,-9.62135
-0.30421,-0.38451,-16.4365
0.75925,-0.16670,6.44808
0.16918,0.18258,-14.6708
0.29916,0.15401,-1.27367
0.68888,0.10258,5.45168
-0.96234,-0.11222,-0.34025
0.29477,0.71727,-12.7617
-0.56518,-0.13477,-12.0479
0.12849,0.41193,-29.6563
-0.53572,0.15640,-15.3172
-0.14287,0.69306,-22.9894
-0.28513,0.32028,-2.79469
-0.26150,-0.22513,-13.1044
0.01043,0.45480,5.35597
-0.39381,0.75729,1.63803
-0.75577,0.01894,5.11540
0.06106,-0.25012,3.85380
0.19258,0.21991,-7.71559
-0.01424,-0.84083,-4.14987
-0.15880,-0.13945,3.53317
1.23183,0.32307,-8.04880
0.36378,0.28771,-6.27513
-0.02830,-0.08235,8.10316
0.59030,-0.54653,16.1962
-0.47759,0.09581,-10.7113
-0.24186,0.15340,-8.52171
0.35180,-0.46340,2.41523
-0.28348,0.00579,-15.1546
0.08268,-0.27771,3.24150
0.60779,-0.02718,6.49345
0.22138,-1.59604,29.5547
0.17335,-0.10145,1.07659
-0.28499,-0.02967,-15.2280
-0.09882,0.19480,10.2268
-0.33333,0.17968,-20.5644
-0.73161,-0.28049,-11.8323
-0.10917,0.29229,-22.3399
0.93115,0.48263,14.1330
-0.36253,0.01123,14.4376
-0.73270,-0.94729,-3.57856
0.35501,-0.48606,-5.62179
-0.38166,-0.59467,13.6993
-0.26840,-0.73848,-10.6118
-0.35758,0.40449,0.51783
-0.48284,-0.89757,-6.34245
0.53022,-0.04448,-9.06404
0.14789,0.49189,6.21326
-0.20769,0.99976,13.4689
0.45989,0.08963,25.3463
0.33717,0.17604,-2.47902
0.01222,0.22299,-2.44020
-0.10259,0.02742,-27.5780
0.19523,0.05406,11.3431
0.21406,-0.32209,-0.70861
0.02276,-0.43755,-1.60913
-0.27525,-0.11517,19.2066
0.07036,0.31405,20.5136
-0.12249,-0.07489,1.81231
0.39600,-0.21228,27.6577
-0.55611,0.64898,-3.68001
0.35689,0.03918,-0.45677
0.22949,0.00784,14.7399
-0.01864,-0.18635,-1.74584
-0.07419,-0.19876,-20.1935
0.34854,-0.37619,-6.80554
0.33693,-0.97536,-9.95849
0.49254,-0.16574,-6.95789
0.06528,-0.08022,3.96167
-0.44505,0.05542,-6.99439
0.71470,0.48426,37.1450
0.69511,0.33333,-25.4049
0.35877,-0.86485,-18.3284
0.28704,-1.00539,11.0810
0.78316,-0.91128,4.85217
0.11822,-0.06888,12.3391
0.13691,-0.01138,1.70690
0.28791,-0.30676,21.6628
-0.24579,0.55552,-12.9730
0.78623,0.30238,18.9244
0.52452,-0.34527,19.8388
-0.15713,0.44414,10.6109
0.49520,-0.79560,6.88766
-0.29786,-0.37801,0.56095
-0.55726,0.13010,0.47768
-0.49439,0.41205,6.29329
0.83399,0.66190,18.9168
-0.37992,0.52568,16.9693
0.62418,-1.05372,10.9156
-0.18871,-0.55990,4.89685
0.17620,0.68989,14.0360
0.44256,0.31601,-14.5613
0.31752,0.07299,-5.86707
-0.17505,-0.23903,-14.3924
0.39774,-0.34975,-3.30979
-0.00432,0.23702,7.84452
-0.11967,1.09297,-9.38919
-0.14841,-0.12345,0.23334
-0.14249,-0.38216,22.5859
0.20204,-0.00518,-26.3747
0.15156,-0.00700,4.93698
-0.61896,0.57174,-6.25361
0.49330,0.45845,5.38677
0.71955,0.45892,-4.80656
0.09949,0.49866,-4.13783
0.13194,-1.02541,2.58313
-0.46282,0.03958,5.35377
-0.06706,0.33045,22.2733
0.03438,-0.31481,0.66273
0.23359,-0.41074,-3.08384
0.27455,0.12986,25.1987
0.61210,-0.39208,32.0421
-0.34326,-0.41555,13.0099
-0.77752,0.10797,-6.98423
-0.61977,-0.29033,18.4808
0.56715,-0.59001,-8.46758
0.78154,0.47228,-6.47297
-0.11206,-1.03576,7.17609
-0.21835,-0.03930,-6.62212
0.27742,-0.53242,-2.66985
0.62024,-0.10000,16.5412
0.24027,-0.64960,4.35866
0.11090,0.47854,-5.93406
-0.66297,0.16903,-4.54078
0.56468,-0.20339,-14.4851
-0.30232,0.46763,34.8513
0.05509,0.13369,-5.63948
-0.11531,-0.30555,3.10125
-0.36687,-0.16957,21.5590
0.32697,0.46836,44.7188
0.52436,-0.45173,-17.2595
0.97846,-0.26923,-0.59473
0.10179,0.07148,9.42961
-0.33479,0.33049,-22.4068
0.13082,0.21913,8.31696
0.24452,-0.33014,-13.1155
-0.19112,-0.01493,-5.01015
-0.28348,0.00579,-15.1546
0.17335,-0.10145,1.07659
-0.36710,0.59496,1.46101
0.38517,-0.38002,11.6986
0.14812,-0.88166,10.1332
0.24347,0.46310,26.1899
0.98723,-0.39929,-7.84711
0.44597,0.59423,-11.3306
-0.35879,-0.49561,10.9736
0.38178,0.35651,-9.67872
-0.93691,-0.45385,-17.4836
0.07570,-0.94157,20.9971
0.04990,0.11956,3.68548
-0.24248,-0.14612,-16.9402
0.46788,-0.18558,-8.74995
0.43230,-0.36190,2.00782
-0.23404,-0.46081,-14.1529
-0.34155,0.15113,12.1647
0.08111,0.00928,-13.6824
-0.34953,0.00764,-0.85625
-0.48923,-0.67152,12.8126
-0.25719,0.00828,24.1233
0.91361,0.39853,-34.7276
-0.19411,-0.35588,-11.9230
0.18639,0.22475,11.8283
0.06044,-0.43282,-2.37931
0.05332,-0.61042,2.81984
-0.58894,-0.51061,-3.96069
-0.71277,-0.09881,-3.73424
0.77571,-0.49178,8.08756
-0.24652,0.42407,-15.6787
0.43555,0.18903,-14.1199
0.35573,0.57356,6.32366
0.33929,0.45631,-14.4399
0.33841,-0.40514,12.8048
0.23507,-0.12010,-10.7281
0.06948,1.10087,17.3009
0.10314,-0.32701,10.2735
1.10762,-0.52492,28.1398
-0.23832,0.69204,-3.26229
-0.04804,0.04325,-14.8572
0.25626,-0.44123,23.4511
0.23648,0.13908,-4.93438
-0.47473,0.32813,13.2178
-0.02452,-0.12710,-0.69334
-0.24381,0.35277,-4.90217
0.72704,0.00924,3.76959
-0.16490,-0.40292,13.3693
0.16390,-0.07096,17.1609
0.68248,0.06600,-0.34704
-0.34155,0.15113,12.1647
0.72686,0.03646,-19.5080
-0.34059,0.09132,17.7843
-0.15839,-0.29983,6.82483
-0.27361,-0.35906,-18.1254
-0.22019,-0.79469,-1.49421
-0.02842,0.07094,0.12291
0.21147,-0.94940,3.09140
-0.00632,0.61602,5.30805
0.45238,-0.40784,3.17902
-0.31995,-0.08281,23.5945
0.13063,-0.79231,-2.18300
0.28991,-0.47764,18.0907
-0.44784,-0.73913,11.9502
0.78068,-0.07583,-11.8442
0.40731,-0.41809,11.3933
0.52501,0.29213,-1.44941
-0.95177,-0.18247,0.65038
-0.34246,0.45680,-0.92657
0.30541,-0.43563,10.6187
-0.09174,-0.90645,22.1317
0.07358,0.09160,-24.7443
-0.04804,0.04325,-14.8572
-0.60452,1.21868,-15.8532
-0.03227,-0.24484,-8.29311
-1.60793,-0.15257,22.0705
0.47470,-0.13386,-22.0459
-0.57349,-0.03882,-32.4777
0.21866,0.14854,24.7924
0.46298,-0.38642,-28.9081
-0.45465,0.46027,9.93754
0.15344,0.44176,-13.1655
-0.70938,-0.75414,15.4109
-0.20089,-0.10654,-1.99410
-0.25827,-0.39209,1.91910
0.34879,-1.22952,-5.08997
-0.05815,-0.03097,21.2239
-0.86563,0.42888,-15.3021
0.05061,-0.04417,1.56250
-0.34698,0.51691,-10.4092
0.06521,0.19313,-12.6516
0.37574,-0.78202,-0.06946
-0.03957,0.42158,15.4511
-0.24573,0.24658,-16.7796
-0.27077,-0.61206,-5.36886
0.31656,-0.33379,9.26487
-0.24299,-0.24359,4.50235
0.43927,-0.01711,1.32929
-0.29235,-0.26086,-13.3560
-0.18140,-0.38565,-14.7985
-0.16652,-0.51446,15.4409
-1.37383,-0.32290,-5.06183
-0.52283,0.42093,-11.0178
0.33852,-0.82858,-23.6634
0.56089,-0.75730,-0.36933
-0.00301,-0.16421,2.24801
0.09875,-0.22558,-7.51972
-0.15713,0.44414,10.6109
0.62502,-0.50271,3.57285
0.64771,-0.11874,-11.2320
-0.25075,-0.53424,-8.45895
0.81758,-0.48905,18.7586
0.22968,0.48996,-15.5657
0.15157,-0.19283,-4.76270
-0.10601,0.18201,4.97882
0.62793,0.06304,0.42061
-0.10066,0.17569,-4.92660
0.41201,-0.09749,-8.52776
0.36364,-0.20313,-26.7078
-0.17204,-0.59791,-0.21864
-1.06916,0.27763,-6.33277
1.60624,-0.57377,-1.44693
-0.85072,0.17769,6.21481
-0.44535,0.18820,-5.61490
-0.21233,0.06149,7.79879
0.02276,-0.43755,-1.60913
0.16279,-0.86681,1.15694
0.15867,0.52172,-8.03179
0.07479,0.57313,12.3830
0.35400,-0.02368,-28.3350
0.17627,-0.01866,26.5248
1.20049,0.07239,13.2165
-0.03957,0.42158,15.4511
0.11835,-0.69086,17.7353
0.03269,-0.75660,3.40567
0.27732,-0.59130,3.02164
1.32466,-0.12417,3.56135
0.84666,0.19819,-8.28887
0.53566,-0.61242,14.1169
-0.19401,-1.09267,7.34158
-0.22679,0.40311,18.1408
-0.78601,-0.44340,16.6768
0.41889,-0.47560,1.58408
0.47843,0.10817,-5.10027
-0.00301,-0.16421,2.24801
-0.59771,0.06511,9.81642
-0.05633,0.51114,16.9936
-0.19732,-0.04619,-1.27835
0.52585,-0.74829,-4.40530
-0.66297,0.16903,-4.54078
-1.21349,-0.84572,-36.9716
0.65001,-0.99415,-3.44862
0.48117,-0.83848,-5.50313
-0.12673,0.12086,20.1426
-0.93691,-0.45385,-17.4836
0.08112,-0.32104,2.37485
0.21003,0.40860,9.97528
-0.20800,0.06013,20.6194
-0.40643,0.06195,19.4319
-0.10601,0.18201,4.97882
0.29527,-0.10740,-18.5285
-0.15246,0.92925,-0.82621
0.37571,0.23542,2.26447
-0.80152,-0.48127,-0.90136
0.04821,-0.23550,-9.37163
0.29396,-0.35270,-3.57356
-0.19620,0.78876,-2.56219
0.66052,0.59872,-12.8410
0.09484,-1.30360,-10.8599
0.17783,-0.02762,-10.0133
0.07036,0.31405,20.5136
0.04877,0.46729,-4.23731
-0.64358,0.63637,1.97028
-0.20665,-0.48697,1.53754
0.23688,-0.04542,-18.1649
0.11105,-0.16033,9.78578
0.06756,0.50355,-6.16256
0.40166,0.18250,-6.01934
-0.00856,0.02140,-13.2567
-1.01034,0.64224,6.18441
-0.27336,-0.00321,-0.72546
0.11578,0.30102,4.77073
-0.34346,-0.04245,19.0049
-0.83180,-0.70273,5.14237
-0.31595,0.19030,12.7676
-0.36501,0.30414,-21.2824
-0.20254,-0.18571,4.73294
-0.82445,-0.41505,-4.89207
0.25060,-0.68047,27.4657
0.00789,-1.32948,3.89435
1.04783,0.34952,-24.4771
0.38634,0.47214,33.7424
-0.82445,-0.41505,-4.89207
0.83038,-0.29507,27.2832
0.10583,-0.64616,-2.93701
-0.11643,-0.33244,-9.12280
-0.65881,-0.51018,-12.7127
-0.62297,0.14282,-8.50687
0.65557,-0.67643,10.5462
0.70464,-0.34712,3.07304
-0.08290,-0.11756,8.13182
0.52002,0.11716,-0.32090
0.66304,0.01223,6.26529
0.24252,-0.65660,-8.79918
0.23902,-0.46357,32.7612
0.65393,-0.42021,18.2559
0.49832,0.03477,-22.9284
-0.09954,-0.30341,-5.33163
-0.28186,0.01647,13.6729
-0.31101,0.58884,-5.55421
-0.13578,0.07661,5.31450
-0.24900,0.05929,3.72581
-0.33332,0.57183,15.7643
-0.24871,0.41522,-4.21879
0.01402,0.23702,0.41138
-0.08169,0.08262,-5.06322
0.47277,-0.14593,12.7650
-0.10431,-0.14945,15.5601
0.35644,-0.15527,4.42827
-0.27361,-0.35906,-18.1254
0.27811,1.01145,12.8379
0.03816,-0.44096,4.87172
0.27985,-0.25726,-12.8628
-0.54004,-0.45907,11.6088
0.02606,-0.22876,10.4465
-0.32519,-0.80235,-0.85738
0.34661,-0.02228,-23.4880
0.25731,-0.27784,-23.4019
-0.24141,0.02629,10.6776
-1.05315,0.53250,-27.3204
-0.44535,0.18820,-5.61490
-0.39699,-0.25937,-20.5745
-0.65862,0.05752,-3.34822
-0.64674,0.09860,-0.43898
0.13897,-0.02221,-6.41727
0.50949,-0.32060,6.25433
0.47637,0.37064,2.99209
0.22003,0.38447,-26.5121
0.26665,-0.02794,21.1608
-0.84726,-0.80530,-0.48995
-0.57755,-0.83839,14.0215
1.10865,-0.06674,-1.41765
-0.56918,0.45256,5.89852
0.52452,-0.34527,19.8388
-0.34558,0.32347,-7.69257
0.77429,-0.20465,-4.83327
-0.84474,0.09395,-11.7469
-0.28014,-0.54196,12.1166
0.14691,-0.58991,-5.71671
0.78296,0.02426,-4.46468
-0.49484,-0.29498,16.9552
-0.34435,-0.71691,-6.26544
-0.32917,0.01944,-11.5480
-0.28656,-0.40336,-21.8307
-0.24248,-0.14612,-16.9402
0.20257,-0.53211,15.7904
-0.09401,0.28240,16.5370
0.46726,0.03321,19.7867
-0.47540,-0.15197,17.6455
0.45375,-0.15308,8.97919
0.60231,-0.04281,-9.96168
-0.19670,0.52943,2.88642
-1.11915,-0.01924,3.61475
-0.18159,0.42029,-7.75392
0.84801,0.34222,-10.1031
0.04930,0.75650,11.7104
0.35196,0.62757,19.6794
-0.14841,-0.12345,0.23334
0.51973,0.94553,27.7740
-0.27303,-0.17236,-4.00151
-0.27182,0.79204,4.85473
0.18202,-0.16878,19.2533
0.19477,0.10716,-4.27375
0.47796,0.16856,-8.82054
0.79605,-0.61527,-2.31820
0.68715,0.63440,2.61554
-0.13587,0.16011,16.2349
-0.68249,0.24322,-7.89108
-0.29381,-0.48279,-17.2216
0.11594,0.40304,-5.09568
1.13745,0.35543,19.4838
-0.13169,0.15768,-3.25960
-0.50898,0.14044,8.17110
-0.22246,0.45677,-25.6776
0.27742,-0.53242,-2.66985
0.09439,0.31424,-21.0146
-0.37928,-0.32753,20.9897
0.58281,0.09653,-4.18638
-0.23788,0.09264,3.49594
0.51374,-0.69785,2.90997
0.51022,-0.13176,10.6288
-0.12878,-0.52519,1.61681
0.46298,-0.38642,-28.9081
0.38788,1.07902,11.4685
-0.28513,0.32028,-2.79469
-0.85324,0.12519,-8.53710
0.17335,-0.10145,1.07659
-0.37603,0.31867,-2.63683
0.55831,-0.34662,-16.3449
0.08111,0.00928,-13.6824
-0.62301,-0.32605,13.7232
-0.35440,0.27341,8.62661
0.03404,0.52153,-20.8766
1.18253,0.49240,20.6923
0.41721,-0.49491,27.8177
-0.34698,0.51691,-10.4092
0.10306,1.07474,0.16569
0.71234,0.75017,6.62411
-0.42528,-0.31341,-3.00586
-0.49484,-0.29498,16.9552
0.20056,0.29948,-1.43399
0.19949,-0.34120,-3.25765
-0.32214,-0.36679,2.04796
-0.69711,-0.72603,4.72459
-0.22019,-0.79469,-1.49421
0.29024,-0.13133,-4.98866
-0.31418,-0.06931,19.3521
0.89217,0.32335,12.0453
-0.53785,-1.34992,19.5294
0.36053,1.50479,-16.9740
0.02444,0.16562,11.8693
0.25340,0.08609,-39.2505
0.72540,0.27430,21.5578
0.32516,-0.27543,28.1260
0.30394,-0.54799,-4.92367
-0.43466,0.77576,3.96066
-0.06403,0.02618,23.0975
-0.88009,0.46145,-11.4421
0.09023,0.39597,17.8184
-0.09882,0.19480,10.2268
0.03056,-0.25559,6.83042
-1.04934,-0.51960,6.35360
-0.46492,-0.19383,10.7559
1.26344,0.16841,8.34190
-0.05815,-0.03097,21.2239
0.09222,0.53703,15.1290
0.03284,0.63331,-19.3003
-0.46839,-0.09653,-9.27713
-0.88914,-0.90242,-2.63561
-0.60201,-0.03667,5.57604
0.02859,0.42031,23.2139
-0.55972,0.61115,-11.7123
-0.15515,-0.60194,12.5605
-0.44426,-0.25241,-10.1195
0.08261,-0.52746,-3.60250
-0.41804,-0.28965,-8.26301
-0.59154,0.20473,-16.9376
0.05097,-0.06584,33.8575
-0.17249,0.62207,1.48727
-0.71127,0.77571,-9.79579
-0.46031,-0.58407,3.41754
0.14186,-0.26446,0.77941
0.41258,0.22235,-4.01950
-0.09880,-1.10407,-17.6207
-0.60270,0.31087,-8.67817
-0.59348,-0.79316,5.52872
0.39227,0.17797,-2.33858
0.12907,0.13814,9.00871
0.09942,-0.44849,-13.1849
0.20298,-0.50696,5.39880
0.22898,0.12260,-2.19649
0.59765,-0.36111,14.0009
0.38245,0.43824,0.09714
0.23750,-0.00455,1.54344
-0.35465,0.03405,16.2521
-0.32445,-0.01431,-5.26084
0.51020,0.36430,23.0327
1.13543,-0.50015,-7.50815
0.00624,-1.06780,8.75606
-0.08783,-0.78329,13.3037
0.41889,-0.47560,1.58408
-0.00700,0.43082,40.5248
-0.66051,0.08509,-5.67464
-0.25118,1.19028,9.71833
0.08363,0.10490,-7.42490
0.51927,-0.90997,17.1212
-0.03389,-0.14584,6.97513
-0.71899,-0.50583,-9.69021
0.07077,0.38672,15.6591
-0.01756,1.30613,-4.08269
0.49442,0.39597,0.01601
0.01881,-0.09923,22.1264
0.05560,0.31930,2.43786
-0.10431,-0.14945,15.5601
0.70113,-0.33354,13.2736
-0.02812,-0.70835,28.5718
0.37969,0.02898,22.4287
0.09181,-0.30093,-9.47694
0.73670,-0.47616,6.43133
-0.25597,0.08872,0.17002
0.72704,0.00924,3.76959
-0.21119,-0.03429,-14.7418
0.34848,0.10908,10.8195
-0.02586,-0.09825,5.14109
-0.21835,-0.03930,-6.62212
-0.21132,0.09024,-12.1684
0.28613,-0.38516,-17.1379
-0.18711,-0.58976,8.49557
-0.87624,0.27695,14.8532
0.17824,0.07324,38.1208
0.14554,0.89512,-19.5541
-0.05972,-0.64475,32.3586
0.06108,-0.90068,-10.7579
1.12807,0.58973,-0.97955
0.24939,-0.92334,-12.0347
-0.18286,0.36334,-12.5535
0.45726,-0.46315,1.42303
-1.04689,-0.68051,24.0176
-0.51616,-0.03768,-16.7003
-0.68823,0.10397,-12.4609
-0.93772,0.01446,-17.2246
-0.31460,-0.16828,31.5617
0.48874,0.34038,-15.6591
0.08080,1.13161,14.4683
0.14027,0.01766,-0.59073
0.36986,0.74877,-13.6016
-0.12644,-0.79971,4.98359
0.38788,1.07902,11.4685
-0.05515,-0.26901,-1.94345
0.87089,0.29595,-11.1411
0.10623,0.21050,6.46823
0.29258,-0.57851,2.74225
0.46560,-0.01351,-1.71233
-0.05042,0.07410,-26.3030
0.28476,0.06963,10.8229
0.27558,0.93702,14.1642
0.47315,-0.17214,23.5674
-0.46639,0.54981,-3.67357
0.84837,0.49718,-6.09499
-0.57926,-0.38648,22.1448
0.03816,-0.44096,4.87172
-0.61435,-0.14698,9.86408
-0.04792,-0.69093,-8.19619
-0.23264,-0.21557,-42.7241
-0.64755,0.14939,-13.0867
-0.04722,-0.25198,3.25355
-0.19272,1.07755,2.42779
-0.62586,0.19247,14.0694
-1.20044,-0.81334,-9.91943
0.45831,0.02833,6.50109
-0.37283,-0.51267,-20.0334
0.05393,0.10118,-0.21991
0.18361,0.12713,10.2695
-0.49193,0.30570,6.52555
-0.28371,-0.21017,-14.5302
0.45375,-0.15308,8.97919
-0.12249,-0.07489,1.81231
0.20619,-0.30589,15.6562
0.02635,-0.29311,6.79344
0.07602,-0.55016,18.3434
-0.46905,0.03643,15.6312
0.11033,-0.46506,-13.3516
0.00751,-1.21354,13.2295
-0.66162,-0.25119,4.25107
-0.73679,0.13006,2.07157
0.73267,-0.26005,-14.7530
0.38566,-0.36090,-16.4972
-0.14244,0.17468,10.3187
-0.53758,0.14962,-8.21711
-0.36475,-0.21197,23.0953
0.57940,-0.42865,-22.4588
0.68954,0.64065,-4.17691
0.56755,-0.98633,27.2316
0.60174,0.38168,-4.58378
0.14186,-0.26446,0.77941
0.46872,0.40912,19.0960
0.04562,0.26243,9.08153
-0.02446,-0.27803,-3.99279
-0.56391,-0.00487,11.1570
0.50678,0.17616,-7.75100
-0.30395,0.22894,-4.99107
0.48370,-0.21527,-10.7916
0.32968,0.30707,-10.0373
0.03177,-0.04103,8.74632
0.31707,0.74175,6.89601
0.03816,-0.44096,4.87172
-0.06145,0.14894,-6.41834
0.04877,0.46729,-4.23731
-0.32377,-0.13431,-22.6470
0.46755,-0.71261,-7.65664
0.56861,-0.16325,3.50190
0.05575,-0.07440,9.14030
0.38271,-0.06451,37.9376
0.28407,-0.05294,11.6257
-0.20500,-0.39269,-10.0600
0.50874,-0.58853,-7.61366
-0.65697,0.55869,-5.11913
-0.34445,-0.25777,9.53242
0.96049,0.43026,13.2709
0.09244,0.12858,-30.6475
-0.18553,0.02567,5.58432
0.81938,-0.70591,-25.9442
-0.10498,0.13749,2.94913
0.09732,-0.23285,-1.89613
-0.15680,-0.37088,8.85933
0.91836,0.02001,-4.60537
-0.30469,0.32503,-17.5172
0.07521,-0.10343,7.12393
0.12973,0.01612,1.53135
-0.41725,0.54246,-20.6822
1.03457,-0.35410,2.24599
-0.21904,0.66433,-0.07673
0.86412,0.89414,-17.8112
-1.13919,-0.72014,3.25401
0.12598,0.38409,-12.3700
1.32641,-0.00542,8.97225
0.03266,-0.14003,8.18574
0.97021,-0.40957,-6.68759
-0.15706,0.18060,-6.71926
-0.85324,0.12519,-8.53710
0.13580,-0.27487,28.8119
-0.08788,0.13505,5.43341
-0.56940,0.35188,2.26081
-0.16757,-0.17256,1.88829
-0.61329,-0.07558,1.68268
-0.10461,-0.27455,-15.8919
-0.61884,0.48908,-18.1670
0.28407,-0.05294,11.6257
-0.23296,0.27447,-7.67631
0.23825,-0.60546,19.8896
-0.17134,0.73215,-5.40646
0.13194,-1.02541,2.58313
0.17675,0.12981,8.83838
-0.58839,0.41899,4.48671
-0.47883,-0.88082,16.8492
-0.39015,-0.25778,-23.9543
-0.08976,0.02048,-13.5869
-0.87628,-0.28507,-15.0720
-0.05729,0.21115,12.2958
0.31849,0.36727,16.7361
-0.72522,-0.06607,-33.3584
0.14917,0.10959,7.74072
-0.53716,-0.49570,-13.4174
0.01108,0.35348,5.40093
-0.22186,0.31398,-8.20238
-0.20987,0.37947,11.4181
-0.11039,-0.19030,-10.3044
-1.19635,0.10296,-17.4337
-0.10190,0.25952,-22.9476
0.06547,0.57069,5.17392
0.36409,-0.09631,9.26954
0.02785,-0.08774,-23.1768
0.66384,-0.40647,8.94582
-0.26138,-0.27141,-12.8471
-0.68034,0.24517,12.0520
-0.20155,0.35820,-2.10473
0.77167,-1.02337,14.1996
-0.50625,0.14402,-4.54361
0.54171,-0.39597,17.0648
0.22214,-0.01211,12.1003
0.46943,-0.04644,0.39598
0.50989,-0.37258,-16.0606
-0.20131,-0.79890,1.05127
0.28787,-1.15569,-12.7452
-0.11443,0.60989,9.81460
-0.35383,0.22129,4.32818
1.06233,0.57987,7.80679
0.35386,-0.29769,8.33364
-0.61803,0.06144,-5.50103
-0.45226,0.21419,-1.48142
0.46258,-0.37446,-23.2581
-0.23820,-0.54047,4.53204
0.20770,0.21264,12.8769
-0.20054,-0.83910,-18.2614
0.41201,-0.09749,-8.52776
0.07438,0.16499,32.6774
0.72566,0.32126,14.4951
-0.27019,-0.70301,-5.05166
-0.18564,0.32571,-10.6231
0.24226,0.04653,-2.06152
0.25613,-0.61339,15.2230
-0.16193,0.00954,15.2725
0.46726,0.03321,19.7867
0.12555,-0.05380,-17.0350
0.99146,0.17793,8.81979
0.38705,0.53367,11.1972
-0.01864,-0.18635,-1.74584
-0.22947,0.71592,16.9877
-0.09210,-0.53939,2.72762
0.32312,-0.29419,-23.5689
0.73267,-0.26005,-14.7530
-0.58402,0.76504,11.2941
-0.21089,-0.24111,-22.6899
-0.06891,-0.22747,3.96372
-0.50714,-0.43249,16.2371
1.32466,-0.12417,3.56135
0.12973,0.01612,1.53135
0.53004,0.34730,-7.78382
0.71557,-0.36501,43.9171
0.65829,0.72023,-27.7756
-0.26075,-0.13114,-6.79971
-0.90690,-0.73047,-27.7430
0.47277,-0.14593,12.7650
0.52002,0.11716,-0.32090
0.31307,0.42999,-17.1562
0.69511,0.33333,-25.4049
0.15344,0.44176,-13.1655
0.10632,0.12328,16.9095
0.13068,-0.14633,-12.4466
-0.69113,-0.54314,-18.6603
0.71909,-0.39807,-4.30387
0.62590,1.09546,-1.75622
0.33719,0.16719,31.1177
0.38001,0.09277,6.12226
0.52001,0.00057,6.75751
0.54041,-0.09607,7.29174
-0.13348,-0.45774,-0.53670
0.02132,-0.03004,-18.3516
0.65044,0.17693,28.2227
-0.99832,-0.40844,-15.0952
0.28167,-0.07310,-0.60946
-0.43030,0.19031,8.31497
-0.24871,0.41522,-4.21879
0.01802,-0.64705,-25.1728
-0.14841,-0.12345,0.23334
0.69024,-0.13669,-7.05274
-0.65510,-0.37351,5.67746
0.11033,-0.46506,-13.3516
-0.34953,0.00764,-0.85625
-1.03423,0.36511,12.6851
-0.38412,0.38568,-32.9387
0.02635,-0.29311,6.79344
-0.30476,0.35392,-6.04680
-0.09740,0.14357,-9.13134
0.10079,-0.75561,-10.9920
0.65557,-0.67643,10.5462
-0.83918,0.94464,3.90639
-0.73161,-0.28049,-11.8323
-0.24868,0.64894,-11.7890
-0.24327,-0.28313,-3.50837
0.76298,-0.15967,13.7965
-0.28868,-0.61252,-15.1026
-0.15580,-0.51208,-8.31967
0.03705,0.01520,-8.58189
0.65829,0.72023,-27.7756
-0.15451,0.36580,6.92844
-0.02904,0.08990,-15.7379
-0.40022,-0.17806,-5.63458
0.09391,0.08093,-0.63024
0.75746,-0.09361,0.53494
-0.02586,-0.09825,5.14109
0.17761,0.54144,10.4293
-0.13488,0.06767,1.80234
-0.60151,0.11470,-17.5850
0.31550,-0.49621,-5.73241
-0.19097,0.08494,35.0519
0.78119,-0.07489,-22.7590
0.07230,-0.23722,24.0677
-0.65757,0.33733,-5.45459
-1.20044,-0.81334,-9.91943
0.03115,0.13089,-1.63916
0.30252,0.12938,-5.56963
-0.07458,-0.93505,7.27989
0.24328,-0.12629,2.14824
-0.03389,-0.14584,6.97513
-0.45483,0.64056,10.2218
-0.94080,-0.11773,7.75721
-0.42344,-0.57660,-13.8364
-0.75853,-1.52353,-29.9953
0.87495,0.15408,19.9623
-0.69711,-0.72603,4.72459
-0.07594,-0.68854,-3.84161
-0.15240,-0.10356,-4.73404
0.72437,0.09500,-6.33564
0.28407,-0.05294,11.6257
0.54171,-0.39597,17.0648
0.25713,0.16229,-3.92459
1.16062,0.31265,-14.4537
-0.50945,-0.20373,22.6349
0.00789,-1.32948,3.89435
-0.19158,0.48332,-11.0979
0.27374,-0.55216,-11.6460
0.77520,1.54333,-1.30238
-0.27123,-0.02295,-5.59894
-0.66297,0.16903,-4.54078
-0.22973,-0.12207,-8.83621
-0.44038,0.11786,-4.99835
0.41855,0.71450,-5.72503
-0.15880,-0.13945,3.53317
0.28818,0.44261,9.66531
0.38566,-0.36090,-16.4972
0.15838,-0.62711,6.50858
-0.02830,-0.08235,8.10316
-0.06932,0.03085,-16.7732
-0.30936,-0.56568,2.24474
-0.00969,-0.37078,21.3700
0.34848,0.10908,10.8195
0.32586,-0.10620,28.3735
-0.49964,-0.74723,-17.0308
-0.09401,0.28240,16.5370
-0.19619,0.18126,-25.8413
0.25117,0.06357,13.5469
0.27304,-0.76956,-12.9191
-0.63396,-0.10297,-6.22830
0.33852,-0.82858,-23.6634
-0.09007,0.51642,-3.33706
-0.12159,0.05538,-3.83808
0.00789,-1.32948,3.89435
0.65393,-0.42021,18.2559
-0.17733,-0.22450,-10.3787
0.55202,0.09284,-3.93276
0.09723,0.12692,12.8361
0.09181,-0.30093,-9.47694
-0.05174,-0.70410,6.35398
-0.12249,-0.07489,1.81231
0.20768,0.12790,21.9776
0.07632,-0.27126,17.0093
-0.33242,-0.15912,-6.02883
-0.02742,0.17241,-2.37318
0.22893,0.51063,-8.05907
0.87495,0.15408,19.9623
0.68163,-0.22833,-5.30025
0.08601,0.30837,-7.25735
0.03859,-0.13231,-7.83159
0.58515,-0.41085,-2.71890
0.15447,0.44071,13.5707
-0.01533,0.07336,-8.08951
-0.81222,-0.31514,-4.26111
-0.47332,0.11682,-5.92028
0.07594,-0.92416,13.8975
-0.24141,0.02629,10.6776
0.28290,0.35721,4.24165
-0.09676,0.36933,13.6030
1.04767,-0.29963,16.0186
0.37301,0.48539,-17.5791
0.07808,0.37357,12.8271
-0.54982,0.27223,-0.39513
-0.30287,0.34950,-18.9204
-0.18844,0.45771,-5.40156
0.21093,-0.21608,22.4958
0.65832,0.09365,-0.44894
0.17977,0.08157,5.32324
-0.15092,0.04330,-3.20462
-0.13295,-0.35198,3.97096
0.38634,0.47214,33.7424
-0.51013,-0.39121,6.54887
0.25626,-0.44123,23.4511
-0.44486,0.19064,3.30956
-0.30351,-0.14203,-5.64402
0.38560,-0.49760,3.36511
-0.21697,0.81886,4.02939
-0.05988,-0.48689,-9.72280
0.34879,-1.22952,-5.08997
0.31925,-0.71295,-6.06351
-0.44195,-1.11983,-7.35067
-0.51166,0.10476,-4.59086
1.26337,-0.14322,16.6201
0.02921,-0.40770,2.78448
0.53513,0.66139,-5.78782
0.64300,1.55780,-42.9032
0.25626,-0.44123,23.4511
0.06558,1.01823,-11.6272
-0.46049,-0.10209,10.7728
-0.29381,-0.48279,-17.2216
-0.72870,0.15370,9.92559
0.47972,0.42929,7.43337
0.00817,0.05488,-5.54337
-0.22188,-0.41204,-1.23876
-0.15265,0.07307,-2.35139
-0.62358,0.34041,-16.8248
0.51131,0.36644,4.93251
-0.00332,-0.25928,-8.80593
0.90893,-0.01667,-18.0072
0.71987,-0.20966,-16.8722
0.17341,-0.58420,42.4156
-0.67924,0.60901,-0.51067
-1.15865,-0.52447,-1.46133
-0.01644,-0.08647,-8.07350
-0.26648,0.95035,22.6380
0.18106,-0.49223,3.08979
-0.08997,0.06318,-4.53232
-0.64162,0.20811,-16.6335
-0.47856,0.55260,-14.9541
-0.31212,-0.59529,6.17580
-0.24394,-0.41857,6.66455
0.24616,-0.38584,17.1136
0.47440,-0.46550,9.19466
-0.05844,-0.17713,-4.36427
0.77124,1.02164,29.5440
0.98723,-0.39929,-7.84711
0.00103,-0.57152,15.5538
-0.00332,-0.25928,-8.80593
0.14133,0.41562,-4.47430
-0.00793,-0.41868,16.7471
0.41700,-0.17526,-3.30769
-0.11531,-0.30555,3.10125
0.33643,0.26075,17.9879
-0.05559,0.56337,-15.7004
0.41889,-0.47560,1.58408
0.18969,0.62906,-34.7383
-0.30324,0.10970,-0.21994
-0.03438,-0.26099,12.4259
0.58515,-0.41085,-2.71890
0.66316,-0.66692,-17.3950
1.28076,0.25856,-9.52455
0.16781,-0.95002,23.7626
-0.18968,-0.30464,5.58761
-0.72896,-0.39240,12.4753
-0.44664,-0.01761,2.99807
-0.15767,-0.00655,17.7466
0.05364,-0.28625,9.15329
0.75524,0.23967,-12.8142
0.08245,0.04155,2.25482
0.09255,0.12898,11.2893
-0.58494,0.19169,3.67287
-0.36849,-0.39894,-22.7891
0.17675,0.12981,8.83838
-0.41607,0.98916,13.6812
0.88647,-0.22077,11.9204
0.43689,-0.82435,-3.53075
-0.75577,0.01894,5.11540
0.01704,0.03261,0.12626
0.38902,-0.15361,37.6921
-0.00603,-1.17997,2.01351
-0.38751,0.04385,16.6409
1.27341,0.02843,15.4490
-0.09081,-0.30362,14.7976
-0.06296,-0.87232,-21.7072
0.04903,-0.46861,-0.10208
0.03816,-0.44096,4.87172
0.57254,0.20805,-9.89972
0.16234,0.14645,31.4900
0.66720,-0.07753,2.77287
0.30814,0.01057,-1.80393
-0.22361,0.46902,-20.0477
-0.54172,-0.03431,-10.6767
-0.45412,0.23884,22.2447
-0.08630,-0.12160,-7.45732
0.10327,0.42457,25.0772
-0.26127,0.28858,24.3612
0.53501,-0.01729,9.02193
0.02593,-0.64790,5.04210
-0.24573,0.24658,-16.7796
0.42978,-0.52833,-35.4691
-0.27208,-0.28531,24.2913
-0.26295,0.07132,-20.5944
-0.46839,-0.09653,-9.27713
-0.11403,0.99456,4.33842
-0.03390,0.29182,-6.37301
0.12849,0.41193,-29.6563
-0.25595,-0.06272,10.5465
-0.23714,0.44310,-22.1341
-0.23954,-0.13123,-0.21127
-0.05924,-0.32271,-15.7212
-0.33793,0.67257,5.04321
0.31328,0.19086,1.68333
0.53022,-0.04448,-9.06404
-0.11927,0.05700,-9.11651
0.55106,0.42050,-11.7920
-1.20044,-0.81334,-9.91943
0.19618,0.08751,20.5096
-0.54116,0.03961,22.6912
-0.14588,-0.83802,10.2958
-0.48947,-0.31528,23.0078
-0.25427,0.03668,-16.8017
-0.05438,-0.30103,-5.02701
-0.21776,-0.60097,-10.5955
-0.80786,-1.01370,15.1449
-0.27700,0.17830,-17.7202
-0.48777,-0.16775,-0.14332
-0.42890,0.51644,6.74824
-0.00277,-1.12550,7.70353
-0.45591,0.09119,-2.68104
0.31634,-0.10822,-15.9256
-0.04555,0.38884,10.1230
-0.50754,-0.08177,-22.1532
-0.00295,0.78896,11.9275
0.43336,0.03338,3.07119
-0.21563,0.44137,17.4295
-0.40616,0.61995,12.3847
0.46671,0.77969,-13.5024
-0.01644,-0.08647,-8.07350
0.28613,-0.38516,-17.1379
-0.08663,0.13543,-6.35763
0.10117,0.40641,-6.67949
-0.75433,0.03910,-24.6350
-0.40157,-0.13070,10.9440
0.41889,-0.78272,13.7555
0.06636,0.35879,-1.99562
-0.67887,0.38699,-20.9498
0.74661,0.34913,-12.2599
-0.40320,0.73462,1.46799
-0.49057,0.45716,-0.87455
-0.11876,0.61509,-0.44507
0.56861,-0.16325,3.50190
-0.65831,-0.56097,24.4970
0.06275,-0.80304,-13.2798
0.17402,-0.48489,0.63382
0.08564,-0.05678,4.91232
0.13054,-1.36500,10.6165
-0.50625,0.14402,-4.54361
0.09729,0.64784,0.82435
0.46726,0.03321,19.7867
-0.53000,-0.03847,-10.0681
-0.01581,-0.19986,-2.47550
-0.06145,0.14894,-6.41834
-0.40880,0.12962,9.61935
0.00726,-0.03038,0.78127
-1.14247,-0.27503,-14.5446
1.40163,0.58647,-8.24778
0.75746,-0.09361,0.53494
-0.42344,-0.57660,-13.8364
-0.15265,0.07307,-2.35139
-1.11915,-0.01924,3.61475
-0.19319,0.13697,10.6660
-0.06145,0.14894,-6.41834
-0.37197,-0.22568,-9.20690
0.25560,-0.98343,2.31900
-0.16778,-0.29080,12.0454
0.04775,-0.18810,-20.5506
0.23194,-0.02709,5.88770
-0.25166,-0.51831,11.6826
-0.20030,0.35484,-6.43396
0.51022,-0.13176,10.6288
0.42273,0.27713,2.51606
0.72540,0.27430,21.5578
-0.21099,-0.89991,-5.82769
-0.57494,-0.00586,9.17335
-0.30378,0.37953,-10.5495
0.47482,-0.10334,-2.68265
0.20204,-0.00518,-26.3747
0.56468,-0.20339,-14.4851
-0.15839,-0.29983,6.82483
0.41510,-0.27795,-14.1533
-0.16959,-0.11768,3.33476
1.04260,0.04039,-2.82564
-0.41804,-0.28965,-8.26301
-0.83131,1.31832,10.8976
0.09644,0.53999,-6.39063
-0.37696,0.04179,-22.6363
0.42313,-0.00071,0.35171
0.24102,-0.21013,6.38863
0.26697,0.60633,23.1823
0.30978,-0.43016,6.35459
0.12745,0.24532,11.2853
0.06275,-0.80304,-13.2798
-0.41165,-0.03587,6.42820
0.07677,0.50538,-9.75496
0.69275,-0.00151,-6.93916
-0.47037,0.53557,-15.4990
-0.64688,0.35996,-7.29149
0.04995,-0.75131,1.93482
0.32854,-0.27053,-19.5423
0.08112,-0.32104,2.37485
-0.41165,-0.03587,6.42820
0.68322,-0.08951,21.7448
0.58129,-0.38082,3.90350
0.47035,0.35392,-0.42273
-0.36908,0.82643,-18.0292
1.03457,-0.35410,2.24599
-0.28404,1.02022,-3.50153
0.22597,-0.44356,-8.29372
-1.21349,-0.84572,-36.9716
-0.16469,-0.49847,-12.2951
0.46784,0.44380,-2.33370
-0.47004,-0.61172,-22.8796
-0.96757,-0.05200,11.6039
0.24226,0.04653,-2.06152
-0.06622,-0.26383,3.59119
-0.46349,-0.23086,-5.01360
-0.63061,-0.07933,-22.8152
-0.18873,0.11210,1.27385
-0.04422,0.15879,14.8233
-0.77752,0.10797,-6.98423
-0.21403,-0.73407,-8.08300
0.00359,-0.47543,41.1528
-0.06791,0.27791,-1.87440
-0.13299,0.02711,3.66472
-0.87628,-0.28507,-15.0720
1.09248,-0.57066,-13.4536
-0.28876,-0.05410,26.1038
-0.22006,0.24806,-9.44670
0.37736,-0.80579,-12.2800
1.05173,-0.38517,-8.62492
-0.20256,0.60353,14.2084
1.13543,-0.50015,-7.50815
-0.13348,-0.45774,-0.53670
0.64483,0.37398,-6.32598
0.27733,-0.57061,19.2768
0.44205,-0.59553,-0.11246
0.69953,0.13050,8.94409
-0.27693,-0.62498,-8.38067
0.39413,-0.81655,0.71861
-0.64719,0.03247,-10.6265
-0.14249,-0.38216,22.5859
-0.44364,0.50289,7.94713
0.16462,-0.21895,23.3621
-0.31278,-0.26332,9.94629
0.35159,-1.01542,-12.6518
-0.50833,0.14866,-7.93208
0.66393,-0.64303,-2.74651
-0.56085,0.41503,19.6984
0.09732,-0.23285,-1.89613
0.31028,-0.29363,-19.1527
0.65985,0.60063,-4.00241
-0.51166,0.10476,-4.59086
-0.27208,-0.28531,24.2913
-0.21501,-0.44417,-0.72853
0.12695,0.42884,-4.34515
0.97624,-0.29290,-10.7750
-0.56226,-0.59252,15.8681
0.16881,0.29359,2.54187
0.73808,-0.52906,-3.61510
0.56465,0.35523,19.5701
-0.26796,0.32309,-8.29905
0.20961,-0.30009,-17.4835
-0.04326,-0.80386,-9.88820
-0.29806,0.12793,-20.3049
-0.53785,-1.34992,19.5294
-1.08086,-0.48584,-26.0663
0.28775,0.56423,-6.41070
0.35202,0.33901,11.9257
-0.22973,-0.12207,-8.83621
0.42292,0.77143,-18.2800
-0.42576,-0.45329,21.9729
-0.15059,0.08691,2.07598
-0.00253,0.47856,-1.08600
0.05815,-0.11287,8.31876
0.36061,0.41642,-6.21487
0.39318,-0.17614,8.70025
0.71557,-0.36501,43.9171
-0.71356,0.05342,-6.93711
-0.36908,0.82643,-18.0292
0.20619,-0.30589,15.6562
-0.15489,-0.48307,-16.3595
0.39188,0.10173,-5.96579
-0.08783,-0.78329,13.3037
-0.04251,-0.06159,4.53083
0.50094,0.76434,-14.6169
0.30622,0.11455,1.00175
0.14614,0.44302,-27.4183
0.13300,0.01326,-23.7105
0.69626,0.31394,7.94329
0.62754,0.02866,-17.7655
-0.16757,-0.17256,1.88829
0.12502,0.18969,-1.79738
-0.28547,0.39657,-2.28450
0.94973,-0.05088,2.13892
-0.19383,0.34430,-10.3674
0.03879,0.03094,3.41166
-0.32162,-0.10526,-8.06575
-0.04132,0.22066,1.60310
-0.12116,-0.23484,-4.83755
0.07128,-0.78011,20.0112
0.11748,-0.23562,1.43561
0.29853,-0.82742,24.3227
-0.39325,0.83135,10.2772
-0.02465,0.35926,-0.76617
0.15496,0.00010,-10.1144
-0.12093,0.46903,24.8019
-0.59196,0.06621,1.43577
-0.10463,-0.38431,4.39436
0.60335,0.12599,-7.86005
0.44978,-0.12165,9.76421
0.13136,0.02185,-7.83110
1.30788,-0.49083,-6.41013
0.38617,-0.07689,-1.65125
-1.01034,0.64224,6.18441
-0.11876,0.61509,-0.44507
0.49832,0.03477,-22.9284
0.00377,0.81925,15.1278
0.78068,-0.07583,-11.8442
-0.04325,-0.27917,13.1816
0.38426,-0.13359,3.19396
-0.25427,0.03668,-16.8017
0.09356,0.06550,-1.42302
0.32425,-0.35412,-4.62511
-0.29227,0.11566,-4.86980
0.35379,0.65940,13.9346
-0.58348,-0.93947,-5.52130
0.51097,0.04178,-29.6161
0.58129,-0.38082,3.90350
0.05255,-0.22872,31.7337
-0.33939,-0.21166,21.9895
0.16075,-0.06893,2.31259
0.31328,0.19086,1.68333
-0.07452,-0.34291,5.59035
-0.40725,-0.07055,-2.69082
-0.49758,0.04030,15.0906
0.31292,-0.08426,7.82442
-0.30147,0.08333,-3.09393
-0.29338,-0.49436,4.26405
-0.06567,-0.44706,1.12304
-0.14354,0.26260,-1.24268
-0.56853,-0.69360,-22.7482
-0.20193,0.07970,-10.6228
-0.09923,0.12687,1.14787
-0.08927,-0.33399,-16.2280
-0.72522,-0.06607,-33.3584
-0.15240,-0.10356,-4.73404
0.50942,0.02399,1.95767
0.36760,0.05022,0.70083
-0.32975,1.03576,10.2072
0.08267,-0.45097,14.9866
-0.04251,-0.06159,4.53083
0.39233,-0.24155,2.43767
0.30521,-0.95761,-1.16059
0.16402,-0.13613,-5.92868
0.50736,0.10037,-4.63407
-0.56853,-0.69360,-22.7482
0.96547,-0.71348,2.56455
0.19768,-0.13632,0.71950
-0.02531,-0.07634,-17.0951
-0.16234,-0.10399,-6.19243
-0.50446,-0.16648,10.0999
0.18567,-0.66020,-14.4127
0.23359,-0.41074,-3.08384
0.73670,-0.47616,6.43133
0.04905,-0.11529,9.88114
0.16910,0.05598,-11.1852
0.27054,0.04891,6.53820
0.07590,-0.90903,-20.6091
0.39233,-0.24155,2.43767
0.43240,0.08990,29.3495
-0.15709,0.51257,2.27242
-0.81503,0.39369,-22.1838
0.00779,0.51721,5.16288
0.04990,0.11956,3.68548
0.51631,1.29263,-11.2651
0.61974,1.04934,8.14941
0.27374,-0.55216,-11.6460
-0.84906,0.49499,5.84459
0.25681,-0.04413,-26.2187
-0.73785,0.32307,7.50671
0.68039,0.31696,-10.4150
0.36601,0.09010,-10.2904
-0.52781,0.29970,-10.9765
0.10569,1.14782,8.96227
0.16431,0.21716,-2.59154
-0.27303,-0.17236,-4.00151
0.54072,0.34853,-13.1702
0.25624,0.08014,-6.85717
0.22003,0.38447,-26.5121
-0.22190,0.63700,4.18891
0.24226,0.04653,-2.06152
-0.73161,-0.28049,-11.8323
-0.19520,-0.36654,-11.1652
-0.27123,-0.02295,-5.59894
-0.59067,-0.03394,10.8369
0.25343,0.15463,-9.43113
0.75081,0.01161,-14.5891
-0.76520,-1.01151,-11.6365
-0.18844,0.45771,-5.40156
-0.15909,0.71128,29.7877
-0.44684,0.03456,-2.81136
-0.54643,-0.07987,11.1783
-0.05972,-0.64475,32.3586
-0.12252,-0.31222,12.8620
-0.25195,0.56405,-12.6007
0.07763,-0.49739,6.43019
0.43927,-0.01711,1.32929
-1.44126,-0.45933,-1.69631
-0.00513,-0.31481,27.1256
0.23688,-0.04542,-18.1649
0.25099,-0.63337,-23.5128
0.30612,0.11462,20.0636
-0.83517,-0.07268,2.02758
-0.69731,0.56370,-12.5594
0.30365,0.06852,2.36752
-0.00921,0.31120,-8.39794
-0.17375,-0.08382,7.29447
-0.09923,0.12687,1.14787
-0.24871,0.41522,-4.21879
-0.31039,-0.16599,17.0197
0.33747,0.35262,-2.28140
-0.30562,-0.17880,6.35432
-0.29580,0.01941,-19.3713
0.40699,0.31492,0.19338
0.13082,0.21913,8.31696
-0.32162,-0.48328,-30.7268
0.06948,1.10087,17.3009
0.30612,0.11462,20.0636
-0.06706,0.33045,22.2733
0.32915,-0.10666,11.7334
0.78435,-0.61661,-4.95403
0.10157,-0.14725,-8.97353
-0.31780,0.17487,-22.1837
-0.09954,-0.30341,-5.33163
-0.24261,-0.25541,20.7696
-0.26437,-0.82853,-12.9141
-0.56565,-0.14285,24.9755
-0.74310,-0.37578,8.72895
-0.62946,0.26193,7.89806
0.19901,-0.04573,12.0629
0.03688,-0.71719,9.92008
0.03668,-0.28024,16.1276
0.07674,0.25095,2.06955
0.04404,-0.28198,-21.4794
0.68248,0.06600,-0.34704
0.02707,-0.37520,16.4482
0.04577,-0.04036,-0.69041
0.93147,0.11031,1.70227
0.14691,-0.58991,-5.71671
-0.17980,0.08280,13.0499
-0.23296,0.27447,-7.67631
-0.06257,-0.53055,25.6327
0.35386,-0.29769,8.33364
0.41700,-0.17526,-3.30769
-0.02842,0.07094,0.12291
-0.04873,-0.02529,-11.2113
1.48119,0.24062,22.0293
-0.52628,0.44377,-10.1330
-0.33332,0.57183,15.7643
-0.40404,-0.09200,2.78945
-0.18159,0.42029,-7.75392
-0.75653,0.93370,-9.77366
-0.26710,-0.80176,7.51476
0.45337,-0.07625,1.16053
-0.02063,0.24943,-2.04525
-0.14662,-0.10501,14.5528
0.18841,-0.44350,32.4814
0.36601,0.09010,-10.2904
0.67347,0.38504,-14.2240
-0.54047,-0.10611,-27.2159
0.25662,-0.48894,13.7987
-0.41951,-0.10158,-15.2168
-0.92327,-0.26161,5.56093
-0.28335,-0.45838,-5.29138
0.13136,0.02185,-7.83110
-0.50625,0.14402,-4.54361
-0.22613,0.31909,-7.40497
-0.27194,-0.53965,-3.68391
0.59708,-0.34343,-2.73017
0.27054,0.04891,6.53820
0.52166,0.33357,-15.0641
-0.52230,-0.24086,-27.2695
-0.64189,0.17938,-5.02399
0.20476,0.27905,-7.41720
0.23492,0.08070,-4.65724
-0.28162,0.62359,-15.8171
0.14992,-0.08285,-2.91065
0.37432,0.57126,2.89311
0.09601,0.35529,32.8993
0.12103,-0.53573,19.2937
-0.41042,-0.80394,1.41005
-0.53916,-0.38899,-12.8994
0.30489,0.07555,-0.83246
0.15447,0.44071,13.5707
-1.08037,-0.28863,11.6505
-0.46338,0.02059,3.02179
-0.90842,0.11697,2.06357
-0.64443,-0.52387,4.98911
-1.11915,-0.01924,3.61475
0.90035,-0.70549,0.73205
0.47796,0.16856,-8.82054
0.04877,0.46729,-4.23731
-0.07220,-0.24037,-5.06719
0.44061,0.08405,1.08921
0.42643,-0.19230,17.8731
0.03083,0.35692,7.68004
0.84594,0.94963,40.9287
1.12241,0.75521,41.2645
1.12736,0.82845,42.7107
1.58420,0.82518,40.9144
1.42381,0.96348,36.8761
0.92993,0.78561,39.8152
1.27855,0.39593,50.1995
1.11050,0.79228,44.3799
0.89001,0.92567,49.4473
0.94264,0.82857,40.6312
1.14933,0.82059,39.4784
0.67154,0.93056,28.5193
0.87230,0.70806,39.1477
0.83757,0.84839,42.9684
0.56365,0.42432,22.6678
0.72481,0.83289,41.4652
1.03380,0.95733,39.1397
1.24795,0.90025,39.7466
0.48690,0.84006,41.1079
1.28270,0.31822,22.5189
1.09861,0.80433,38.0833
0.76757,0.86655,42.4017
1.98607,1.01870,42.4440
0.91586,0.93784,44.4696
1.10110,0.92957,40.0510
0.07096,0.76238,42.0478
1.19067,0.81647,36.0589
1.21110,0.88681,42.8206
1.24703,0.92971,43.4322
1.02226,0.88643,38.2139
1.26371,0.82066,38.7608
1.31192,0.80199,48.3277
1.07017,0.65510,39.9579
0.90314,0.90503,39.2117
0.89871,0.92634,37.3990
1.23771,0.74311,48.8151
1.14622,0.93542,39.1167
1.57743,0.77901,42.5672
1.70239,0.56707,27.4774
1.02044,0.68868,42.3705
1.26083,0.98084,40.6157
1.03670,0.73624,42.0733
1.54755,0.86944,39.3839
0.55826,0.82755,41.8208
1.15949,0.77539,49.2837
1.02868,0.90580,41.7232
1.24703,0.92971,43.4322
1.25878,0.83769,40.6699
0.76624,0.90184,43.5721
1.08440,0.90354,45.1810
1.04254,0.70659,43.1443
1.25474,0.28347,21.3221
1.54755,0.86944,39.3839
1.06650,0.97791,44.5916
1.04637,1.16358,36.1871
0.93996,0.75715,34.7949
1.02746,0.76251,45.1950
0.08379,0.83073,43.0723
1.03670,0.73624,42.0733
1.76843,0.83956,40.5769
1.19198,0.96263,39.9784
1.00226,0.84080,38.4491
0.99172,0.68789,42.3608
0.47665,0.83195,40.6904
1.12257,0.79957,44.2302
0.79260,0.88942,42.3669
1.19067,0.81647,36.0589
1.03515,0.79202,38.9795
0.67956,0.02333,38.9507
1.18066,0.75270,40.4632
0.93461,0.58205,33.9577
0.81437,0.84284,42.7297
0.83806,0.90477,40.5126
1.88406,0.93683,39.2762
1.11022,0.66008,46.2154
1.39740,0.53844,37.0852
1.04515,-0.66948,15.5675
1.85328,0.82146,43.6771
1.04716,0.96446,39.4060
1.08440,0.90354,45.1810
0.87031,0.88384,40.4221
0.93945,0.76866,39.3825
0.93996,0.75715,34.7949
0.83806,0.90477,40.5126
1.58420,0.82518,40.9144
1.09555,0.90845,40.8303
0.86279,0.72058,36.8199
1.04359,0.90861,41.8188
0.86383,0.91823,40.6275
0.93461,0.58205,33.9577
1.04719,0.85802,39.0832
1.14141,0.93986,43.2487
1.28032,0.84077,43.9666
0.82060,0.82703,43.4279
1.18754,0.51179,24.9872
1.24867,0.89131,38.9571
0.84739,1.42397,67.4518
1.14527,0.81523,37.4980
0.96058,0.77187,39.3233
0.85961,0.87357,44.1791
0.77650,0.83198,39.8197
1.04600,0.70222,40.8411
2.36398,0.98100,34.6047
1.02226,0.88643,38.2139
1.13065,0.88839,42.9936
1.09547,0.99985,43.2171
1.11682,0.31271,43.4655
0.77656,0.86493,43.1042
0.70454,0.96808,41.2832
1.30656,0.75278,48.5161
1.13785,0.79131,41.1931
0.71532,1.36579,48.9167
1.21110,0.88681,42.8206
0.89813,0.72584,39.8748
1.22006,0.77773,43.6034
0.85078,0.85087,43.5606
0.95474,0.77714,40.2176
1.35611,0.88418,41.8440
0.91940,1.03820,45.2812
0.83540,0.69261,43.0697
1.48755,0.71248,43.5449
0.84515,0.92871,43.9221
0.64608,0.46169,34.3571
1.14278,0.79186,42.6890
1.01768,0.77208,46.1319
0.97203,0.61790,42.3852
1.11022,0.66008,46.2154
0.07096,0.76238,42.0478
1.15479,0.87507,43.0917
2.26307,0.83925,41.0929
0.88624,0.98492,40.6558
0.91586,0.93784,44.4696
1.05333,0.89651,38.1737
1.64332,0.85838,39.7297
1.08148,0.82090,44.8804
1.17991,0.61590,35.9367
1.14278,0.79186,42.6890
0.95286,0.92635,43.7528
1.03257,0.97879,29.2526
0.83216,0.78721,40.8872
1.34346,0.83716,48.9551
0.98900,0.81988,44.7861
1.87432,0.82696,43.2282
0.76357,0.87700,42.7924
0.97460,0.97174,40.3700
0.95721,0.86464,43.8583
0.82427,0.92671,41.9079
0.78910,0.13463,18.8541
0.23234,0.98780,50.0482
0.85684,1.07770,44.9439
0.88624,0.98492,40.6558
1.07061,0.86617,38.9680
1.14622,0.93542,39.1167
1.64332,0.85838,39.7297
1.28860,0.56877,38.9232
1.74045,0.83937,43.2888
0.66830,0.92834,34.6237
1.27154,0.68193,35.5174
1.09547,0.99985,43.2171
0.34705,0.77006,43.1531
1.04677,0.95923,42.4899
1.05655,0.93597,38.7636
0.94264,0.82857,40.6312
0.88920,0.90220,40.4658
1.28270,0.31822,22.5189
0.87150,0.30305,58.5537
1.02868,0.90580,41.7232
1.07724,0.77409,38.6836
0.91358,0.94809,41.3459
1.13922,0.81072,34.6718
1.00723,0.75190,45.2677
1.02044,0.68868,42.3705
1.09025,0.88551,36.3165
1.08361,0.87090,37.6052
1.11356,0.77792,44.1378
1.61348,1.08912,25.8420
1.28226,0.67889,31.3854
1.40381,0.82712,38.6293
0.76322,0.85039,43.8925
1.65638,0.85806,44.0444
0.87889,0.72657,38.6551
1.16395,0.96016,44.8540
0.56365,0.42432,22.6678
0.95792,0.68903,43.1687
0.07096,0.76238,42.0478
1.10861,0.77574,41.7940
0.44219,0.79272,42.1071
1.05067,0.95545,35.1829
1.02784,0.89026,38.5181
0.96858,0.85563,38.9478
1.20480,0.74632,43.1286
1.25878,0.83769,40.6699
1.25645,0.75715,39.9474
0.87889,0.72657,38.6551
1.15071,0.93717,39.9281
0.85501,0.62584,45.5811
0.94058,0.95579,40.1457
1.11247,0.29204,42.1621
0.99484,0.33555,26.1964
1.19309,0.86594,43.3286
1.19198,0.96263,39.9784
0.77650,0.83198,39.8197
0.88624,0.98492,40.6558
1.52164,0.62696,38.6106
1.34263,0.80599,48.9612
0.96858,0.85563,38.9478
0.94393,0.87286,44.0075
1.25878,0.83769,40.6699
1.54268,0.74829,42.0304
1.34346,0.83716,48.9551
1.04266,0.66572,42.6095
1.19739,0.97748,42.1159
1.09861,0.80433,38.0833
1.07233,0.76524,42.8993
1.28860,0.56877,38.9232
1.43702,0.61682,49.8110
1.09846,0.59024,37.6464
1.25768,0.76539,38.3746
1.12331,0.64326,42.6563
0.95474,0.77714,40.2176
1.14636,0.76459,40.2818
0.99745,1.14181,35.5558
1.08882,0.83062,45.3371
1.08620,0.99937,39.1153
1.38415,0.83714,56.7214
0.88072,0.69248,38.8228
1.01537,0.84487,43.2037
1.09478,0.98874,33.4300
0.83490,0.83645,43.0051
0.44873,0.64896,46.6686
2.04109,0.91690,42.5479
1.31282,0.73617,43.3216
1.74045,0.83937,43.2888
1.69853,0.69222,43.1189
1.04904,0.89844,39.0851
0.73896,0.86417,39.3087
1.03380,0.95733,39.1397
0.83043,1.44997,38.6868
1.00226,0.84080,38.4491
0.94833,0.65833,38.9203
1.19791,0.86978,36.6343
0.56365,0.42432,22.6678
0.97190,0.88246,44.7450
1.62885,0.85783,40.5476
1.00723,0.75190,45.2677
0.68399,0.80518,52.2639
1.09048,0.87361,41.3103
1.08020,1.01781,39.4763
1.41406,0.96767,37.8369
1.76773,0.73313,43.8400
1.21110,0.88681,42.8206
0.98900,0.81988,44.7861
1.10630,0.77726,41.0463
0.42040,0.79497,41.8095
1.06939,0.96164,39.6496
0.89837,0.36311,29.6889
0.99458,0.89034,41.6224
0.84314,0.99300,37.0359
1.78929,0.88147,37.8484
0.06194,0.72306,43.9410
1.26083,0.98084,40.6157
1.08882,0.83062,45.3371
1.08567,0.71622,40.8913
1.18066,0.75270,40.4632
0.92408,0.90138,35.3536
0.94731,0.72226,43.4809
1.24703,0.92971,43.4322
0.83269,1.06345,45.3703
1.39934,0.86973,40.4618
0.50237,0.79909,35.8820
1.11956,0.88975,38.0353
1.76773,0.73313,43.8400
1.05780,0.71023,42.6260
0.92810,0.77518,37.4916
1.03380,0.95733,39.1397
0.98798,0.84659,36.9678
1.30655,0.92259,38.2328
1.69966,0.83270,38.4891
0.99172,0.68789,42.3608
1.12957,0.68677,39.4093
1.69908,0.89296,39.3335
0.34615,0.78174,44.0138
1.12331,0.64326,42.6563
0.81354,0.91876,43.0588
1.07559,0.27891,43.3993
0.69228,0.94631,38.7507
1.79168,0.91853,40.0299
1.21110,0.88681,42.8206
0.18379,0.29076,34.1290
0.83101,0.93150,44.3716
1.19791,0.86978,36.6343
1.47954,0.96859,38.7055
1.14141,0.93986,43.2487
1.00040,0.84704,38.5328
-0.28804,0.41136,29.6972
1.05653,0.94910,40.7007
1.24979,0.90885,37.4116
0.45913,0.76549,40.9691
1.12957,0.68677,39.4093
0.83490,0.83645,43.0051
1.17641,0.85311,42.7049
0.94706,0.69331,42.9279
1.15970,1.57903,72.6258
1.06083,0.86150,38.5122
1.14345,0.79855,40.7342
0.72574,0.83316,43.3734
1.03257,0.97879,29.2526
1.05191,0.68038,43.0762
1.11356,0.77792,44.1378
0.92810,0.77518,37.4916
0.72401,0.80662,41.9640
0.73203,0.60417,42.8238
1.65638,0.85806,44.0444
0.97308,0.51714,37.7899
1.04719,0.85802,39.0832
0.48977,0.77861,41.4199
1.34263,0.80599,48.9612
1.07017,0.65510,39.9579
0.77656,0.86493,43.1042
0.87491,0.74399,42.1722
0.90620,0.73494,40.7438
1.33005,0.87380,44.5423
1.13785,0.79131,41.1931
1.05456,0.76443,42.3512
1.02784,0.89026,38.5181
1.30626,0.97999,50.2005
0.80768,0.80821,43.7850
1.09405,0.87208,40.4528
0.91053,0.18460,17.7343
1.08020,1.01781,39.4763
1.40354,0.83705,44.5713
0.29457,0.74995,41.4850
1.12600,0.80088,44.4770
0.83806,0.90477,40.5126
1.05803,0.90318,38.8635
1.19791,0.86978,36.6343
1.11752,0.90685,37.7574
1.40354,0.83705,44.5713
0.94833,0.65833,38.9203
0.70454,0.96808,41.2832
1.08020,1.01781,39.4763
1.19791,0.86978,36.6343
0.90006,0.59390,43.6107
0.75551,0.84930,40.8258
0.84594,0.94963,40.9287
1.02399,0.88779,44.6016
0.91917,0.89973,40.4973
1.30278,0.94451,42.7734
1.79168,0.91853,40.0299
1.03950,0.85903,38.5823
0.93968,0.60565,41.0782
1.11247,0.29204,42.1621
1.02226,0.88643,38.2139
1.78929,0.88147,37.8484
1.64332,0.85838,39.7297
1.30655,0.92259,38.2328
2.42604,1.02854,35.6471
0.88624,0.98492,40.6558
0.95941,0.91084,53.1187
1.69908,0.89296,39.3335
1.47954,0.96859,38.7055
1.04266,0.66572,42.6095
0.77650,0.83198,39.8197
1.07061,0.86617,38.9680
0.07096,0.76238,42.0478
0.87214,0.86299,43.0138
1.04904,0.89844,39.0851
0.97203,0.61790,42.3852
0.99904,0.86430,48.5193
0.82427,0.92671,41.9079
1.25768,0.76539,38.3746
0.71525,0.80439,40.5330
1.08440,0.90354,45.1810
0.98833,0.85548,40.2919
0.85078,0.85087,43.5606
1.34346,0.83716,48.9551
0.88796,0.75197,38.4552
0.59862,1.29015,50.2476
1.08689,0.59479,41.0613
1.21239,0.75777,46.0100
1.51305,0.64506,36.6812
1.06939,0.96164,39.6496
0.48690,0.84006,41.1079
0.91917,0.89973,40.4973
0.42783,0.90634,46.5989
1.00035,0.93540,44.6899
1.08148,0.82090,44.8804
1.24194,0.37575,41.3586
1.74045,0.83937,43.2888
0.87506,0.63780,47.5750
1.25768,0.76539,38.3746
1.11239,0.88984,41.4712
0.76322,0.85039,43.8925
0.91582,0.78099,39.4189
1.14990,0.64513,37.8182
0.90116,0.62531,34.5823
1.07326,0.73563,41.2228
1.59278,0.80169,43.9792
1.24979,0.90885,37.4116
1.21085,0.68466,32.7256
1.03380,0.95733,39.1397
0.91940,1.03820,45.2812
0.92971,0.82431,41.3941
1.21677,0.85853,41.7631
0.91297,0.98753,43.8198
0.83269,1.06345,45.3703
0.73203,0.60417,42.8238
0.93968,0.60565,41.0782
1.57944,1.00387,45.4350
1.02733,0.90796,40.2552
1.01161,0.62162,43.1577
0.92904,0.73523,40.6969
1.09178,0.62270,42.1330
1.88406,0.93683,39.2762
0.98833,0.85548,40.2919
1.42381,0.96348,36.8761
2.24318,1.00837,49.2983
0.86415,-0.19321,34.1219
0.27357,0.80427,51.5082
1.35611,0.88418,41.8440
0.89837,0.36311,29.6889
1.74779,0.87034,39.1062
1.13199,0.95301,39.8324
1.19791,0.86978,36.6343
0.72481,0.83289,41.4652
0.82060,0.82703,43.4279
1.14329,0.71538,44.4680
0.93823,0.74351,39.2963
1.06650,0.97791,44.5916
1.15071,0.93717,39.9281
0.44185,1.33034,38.6209
0.88072,0.69248,38.8228
1.23968,0.87545,37.8969
1.12840,0.94235,43.1824
1.00584,0.91712,44.7924
1.69966,0.83270,38.4891
1.04719,0.85802,39.0832
0.99526,0.88303,36.5509
0.29457,0.74995,41.4850
1.33250,0.88865,39.6146
2.41336,1.17625,50.7524
0.77656,0.86493,43.1042
0.80129,0.89429,43.1949
1.14345,0.79855,40.7342
1.13199,0.95301,39.8324
0.44873,0.64896,46.6686
1.04719,0.85802,39.0832
0.85078,0.85087,43.5606
0.77656,0.86493,43.1042
1.00057,1.04450,27.2227
1.23684,1.21886,34.1372
1.11752,0.90685,37.7574
0.87781,0.80514,45.1576
1.37278,0.74525,31.2638
0.87781,0.80514,45.1576
1.09555,0.90845,40.8303
1.12736,0.82845,42.7107
1.04360,1.00017,42.4648
0.85618,0.84213,43.7243
1.23263,1.02747,42.9956
0.78852,0.76985,43.9980
0.99458,0.89034,41.6224
1.18766,-0.11919,33.7207
2.24318,1.00837,49.2983
1.15479,0.87507,43.0917
1.06083,0.86150,38.5122
1.10861,0.77574,41.7940
1.24979,0.90885,37.4116
1.23684,1.21886,34.1372
1.19006,1.04726,38.3986
0.83043,1.44997,38.6868
1.18066,0.75270,40.4632
1.19739,0.97748,42.1159
0.95792,0.68903,43.1687
1.08986,0.81701,44.4864
1.37278,0.74525,31.2638
0.95474,0.77714,40.2176
0.76757,0.86655,42.4017
0.52139,0.42162,23.6959
0.95562,0.64550,50.5969
1.08798,0.70423,41.9777
0.75583,0.83662,43.4156
1.28864,0.76653,49.4398
1.14345,0.79855,40.7342
1.40381,0.82712,38.6293
0.87214,0.86299,43.0138
1.26701,0.91694,38.3177
1.09902,0.61613,63.8795
0.83101,0.93150,44.3716
0.95480,0.86928,43.8072
0.98458,1.06134,44.1304
0.70454,0.96808,41.2832
1.08986,0.81701,44.4864
0.80467,-0.25626,32.9786
1.07675,0.74560,40.6029
1.09025,0.88551,36.3165
1.07459,1.25968,33.6547
1.21071,0.56846,40.9659
1.20480,0.74632,43.1286
1.96213,0.86703,42.8617
0.99019,0.71970,42.5533
2.36917,1.88027,38.0535
2.10756,1.72417,41.9721
2.33916,1.88218,44.7767
2.35050,1.89714,36.4902
2.23293,1.86384,41.3767
2.36542,1.79645,44.2799
2.36267,1.93440,39.9008
2.13659,1.80973,37.7913
2.21704,1.79631,42.1665
2.26097,1.86534,44.4293
2.38963,1.89252,38.1374
2.21051,1.79759,40.4174
2.10756,1.72417,41.9721
2.35915,1.88325,38.2976
2.39506,1.94039,41.5607
2.13689,1.74722,40.8985
2.11109,1.72504,40.5159
2.17663,2.04789,41.8061
3.08652,1.90878,39.1118
2.21651,1.84310,38.3266
2.20897,1.82573,42.4500
2.17720,1.75986,41.0802
2.38212,1.86471,44.9960
2.26902,1.90184,41.7684
2.12358,1.67829,41.3198
2.26625,2.03393,44.5228
2.55537,1.90501,37.4255
2.52665,1.93568,40.2275
2.24429,1.84217,41.8816
2.29412,1.87677,48.2222
2.56153,1.81492,40.3865
2.35427,1.73792,42.8487
2.33316,1.91747,38.1228
2.25002,1.82265,38.1663
2.36738,1.82096,43.2462
2.39746,1.88855,37.9958
2.31510,1.84158,38.6949
2.30524,1.81703,39.4475
2.40336,1.82630,41.4024
2.48995,1.90684,40.8819
2.12984,1.70610,40.6622
2.27354,1.88836,44.8103
2.30311,1.93684,44.1192
2.24548,1.85449,40.6501
2.37911,1.93388,36.0609
2.20451,1.77876,44.2509
2.39506,1.94039,41.5607
2.51410,1.86923,38.5919
2.35915,1.88325,38.2976
2.09837,1.70649,39.1998
2.54130,1.82806,41.0348
2.10756,1.72417,41.9721
2.30246,1.89214,41.0653
2.48005,1.76178,41.3732
2.39955,1.88993,39.1908
2.24548,1.85449,40.6501
2.56104,1.80343,38.7058
2.07935,1.91048,40.3371
2.23195,2.16389,50.0530
2.28687,1.87724,38.9455
2.10386,1.79304,41.5859
2.24180,1.86313,42.7012
2.33852,2.00753,42.0480
2.19334,1.89242,45.1586
1.93434,1.95471,42.7873
2.18561,2.03754,42.9315
2.19524,1.84514,43.3765
2.28948,1.85988,39.6422
2.33022,1.89912,44.5498
2.40030,1.91771,41.8689
2.32659,1.92870,41.4822
2.26097,1.86534,44.4293
2.36267,1.93440,39.9008
1.94134,1.81615,41.5665
2.28687,1.87724,38.9455
2.13659,1.80973,37.7913
2.07339,1.83241,41.4195
2.76373,2.02532,37.0872
2.00992,1.82897,41.3774
2.31039,2.01383,41.9989
2.29092,1.86203,36.5903
2.29126,1.86958,43.5083
2.28938,1.95000,39.8592
2.26902,1.90184,41.7684
2.41950,1.92163,44.7550
2.35170,2.03362,45.6843
2.44472,1.85484,38.6024
2.51758,1.91404,40.0728
3.12111,1.81003,25.8152
2.33018,1.98861,41.2114
2.07802,1.91543,46.1899
2.10386,1.79304,41.5859
2.26980,1.99877,41.1900
2.52861,1.90369,36.8940
2.78575,1.80703,39.8510
2.30061,1.78920,38.8112
2.25247,1.88433,38.5604
2.32849,1.93916,40.6088
2.34973,1.87409,43.3564
2.40336,1.82630,41.4024
2.54323,1.92921,40.7608
2.23403,1.93420,44.2161
2.26980,1.99877,41.1900
2.34614,2.02510,41.4890
2.33872,1.93770,40.4147
2.35399,1.98081,41.7772
2.36303,1.87391,37.9185
2.20988,1.88167,42.7734
2.44626,1.88099,40.7455
2.30487,1.95528,40.2137
2.18355,1.95328,45.6150
2.31988,1.98972,44.3104
2.67109,1.81449,34.3179
2.25685,1.86030,40.3521
2.12332,1.89004,43.0976
2.19800,1.83592,40.8822
2.38567,1.84806,38.3136
2.11112,1.78370,46.1917
2.26266,1.95778,40.8941
2.13125,1.84919,39.1364
2.26874,1.93572,40.7671
2.11896,1.85934,44.0464
2.25994,2.09981,48.6502
1.93434,1.95471,42.7873
2.24427,1.93729,42.8689
2.22647,1.67376,44.2873
2.24903,1.83249,36.8247
2.36738,1.82096,43.2462
2.28839,1.89166,39.2356
2.48779,1.88334,35.1897
2.36493,1.84424,40.2287
2.04938,1.78714,36.5663
2.19829,1.89873,39.6294
2.10518,1.79742,35.9092
2.33022,1.89912,44.5498
3.66259,1.88603,34.6688
2.19705,1.88460,40.3838
2.47604,1.93930,43.6960
2.86355,1.85278,39.0851
2.36917,1.88027,38.0535
2.48922,1.85087,37.8258
2.18470,1.78536,39.5726
2.48005,1.76178,41.3732
2.49656,1.80426,39.3078
2.26902,1.90184,41.7684
2.05111,1.72705,41.2777
1.97527,1.95724,44.7885
2.17720,1.75986,41.0802
2.27183,1.75743,40.0338
2.39506,1.94039,41.5607
2.09229,1.77647,38.0695
2.20283,2.02505,41.5432
2.28806,1.77591,43.0912
2.31401,1.77400,43.0187
2.21767,1.95486,42.3527
2.24138,1.86808,43.3091
2.28887,1.86644,39.5540
2.10468,1.83290,42.1083
2.19334,1.89242,45.1586
2.26902,1.90184,41.7684
2.30583,1.84248,38.7186
2.35798,1.79758,44.8127
2.39746,1.88855,37.9958
2.99084,1.98097,41.1670
2.58759,1.75415,34.9907
2.39583,1.97287,40.6363
2.19829,1.89873,39.6294
2.24548,1.85449,40.6501
2.25447,1.73394,42.7260
2.85731,1.95470,39.1321
2.55048,1.90271,38.7914
2.21280,1.82770,45.3822
2.27722,1.90383,44.8001
2.87703,1.78985,39.5791
3.51470,1.80812,39.6199
2.34845,2.02989,45.3278
3.08447,1.93696,43.1116
2.29536,1.81267,38.1126
2.47793,1.82697,41.2613
2.23626,1.91326,41.7351
2.28839,1.89166,39.2356
2.35798,1.79758,44.8127
2.50007,1.98279,42.3771
2.09035,1.92565,39.0213
2.54073,1.88108,38.3406
2.57781,1.86521,35.4947
2.14246,1.81844,35.7524
2.39583,1.97287,40.6363
2.66917,1.85456,35.1449
2.23293,1.86384,41.3767
2.45137,1.94776,37.7903
2.07614,1.67126,42.5224
2.33946,1.97658,42.4816
2.48005,1.76178,41.3732
2.17247,1.70058,39.2208
2.48995,1.90684,40.8819
2.44675,1.95526,46.4365
2.41950,1.92163,44.7550
2.80624,1.92120,44.2481
2.30311,1.93684,44.1192
2.28938,1.95000,39.8592
2.83584,1.93882,38.8617
2.27618,1.85044,37.2672
2.24422,1.64305,40.1193
2.14047,1.81632,38.7358
2.13125,1.84919,39.1364
2.40602,1.81450,39.5320
2.27986,1.85001,43.8355
2.55466,1.80429,39.0515
2.28952,1.88678,40.2556
2.33852,2.00753,42.0480
2.33022,1.89912,44.5498
2.44003,1.95235,44.3478
2.55537,1.90501,37.4255
2.25994,2.09981,48.6502
2.11934,2.04094,48.4869
2.00992,1.82897,41.3774
2.12590,1.81250,44.5783
2.14122,1.97084,44.6593
2.69186,1.90745,37.0363
2.11373,2.01531,37.7536
2.26625,2.03393,44.5228
2.21767,1.95486,42.3527
2.25151,1.83579,39.5980
2.20283,2.02505,41.5432
2.33094,1.94219,37.9728
2.24548,1.85449,40.6501
2.11934,2.04094,48.4869
2.33018,1.98861,41.2114
2.29126,1.86958,43.5083
2.69186,1.90745,37.0363
2.39746,1.88855,37.9958
2.38567,1.84806,38.3136
2.47373,1.76498,39.3899
2.17145,1.76887,41.6584
2.06204,1.97896,39.0609
2.30061,1.78920,38.8112
2.48922,1.85087,37.8258
2.12590,1.91532,45.2854
2.80624,1.92120,44.2481
2.25447,1.73394,42.7260
2.27618,1.85044,37.2672
2.24429,1.84217,41.8816
2.51758,1.91404,40.0728
2.30886,1.95855,42.2799
2.27001,1.88740,40.7542
2.05577,1.79345,43.5482
2.41282,1.82894,38.0735
2.30722,1.96952,39.3799
2.19496,1.89833,43.2582
2.44003,1.95235,44.3478
2.09231,2.07385,42.4335
2.45130,2.05266,49.5440
2.52639,1.87114,43.6899
2.22865,1.80452,42.1456
2.22424,1.97526,41.1772
2.23376,1.92102,41.1961
2.47793,1.82697,41.2613
2.31710,1.95651,42.6363
2.30681,1.86149,39.7953
2.17333,1.74984,36.0189
2.96051,1.80167,36.2283
2.21923,1.87183,37.8631
2.00019,2.10752,45.6186
2.23616,1.71947,42.0345
1.99782,1.76533,40.5806
2.14146,1.84177,44.6754
2.33316,1.91747,38.1228
2.31898,1.85539,39.6658
2.21681,1.80451,40.4210
2.15920,1.85269,40.6038
2.23626,1.91326,41.7351
2.10386,1.79304,41.5859
2.44410,2.02419,37.2555
2.24903,1.83249,36.8247
2.18139,1.94069,43.3118
2.30681,1.86149,39.7953
2.28887,1.86644,39.5540
2.34003,1.87846,38.3546
2.49379,2.01167,42.9435
2.17286,1.85376,38.7019
1.96195,1.96028,42.3145
2.46421,1.97057,37.5012
2.34407,1.90412,40.3603
2.38963,1.89252,38.1374
2.37484,1.96487,41.0675
1.96195,1.96028,42.3145
2.14623,1.76945,39.1454
2.41540,1.90445,44.1109
2.66237,2.02250,39.3937
2.55466,1.80429,39.0515
2.06063,1.74605,46.2110
2.27905,1.88990,39.8202
2.21051,1.79759,40.4174
2.19202,1.84560,37.5800
2.09359,1.80255,41.0737
2.33872,1.96642,39.4982
2.16598,1.98640,39.8790
2.36913,1.77014,36.4439
2.28687,1.87724,38.9455
2.27001,1.88740,40.7542
2.41881,1.86999,40.3320
2.51665,1.81257,41.5723
3.51470,1.80812,39.6199
2.88728,1.92810,41.4871
2.33740,1.93117,38.2087
1.88911,1.89254,46.9301
2.32659,1.92870,41.4822
2.50998,1.95458,39.9951
2.43421,1.92937,46.3843
2.36267,1.93440,39.9008
2.39955,1.88993,39.1908
2.21815,1.89015,39.2182
2.54073,1.88108,38.3406
2.34973,1.87409,43.3564
2.22412,1.78379,39.4840
2.23626,1.91326,41.7351
2.12984,1.70610,40.6622
2.51410,1.86923,38.5919
2.31039,2.01383,41.9989
2.26625,2.03393,44.5228
2.30487,1.95528,40.2137
2.33519,1.92844,39.0169
2.12322,1.79863,44.5605
2.97689,1.83794,41.1339
2.22412,1.78379,39.4840
2.23059,1.83655,41.5963
2.44472,1.85484,38.6024
2.27001,1.88740,40.7542
3.12111,1.81003,25.8152
2.40640,1.99096,39.9386
2.19887,1.89882,41.5249
2.24180,1.86313,42.7012
2.25416,1.79098,39.9092
2.31898,1.85539,39.6658
2.52437,1.85852,43.4611
2.18683,1.90597,41.8311
2.25685,1.86030,40.3521
2.24122,1.79494,36.9889
2.40511,1.90142,38.8782
2.07935,1.91048,40.3371
2.54300,1.93204,40.5421
2.38488,1.86933,43.6451
2.25685,1.86030,40.3521
2.31345,1.95254,39.0236
2.43107,1.95250,43.6523
2.17528,1.96554,44.2838
2.24657,1.92018,44.3808
2.25994,2.09981,48.6502
2.26226,1.83787,36.6169
3.68878,1.87214,37.4913
2.21280,1.82770,45.3822
2.47793,1.82697,41.2613
2.32659,1.92870,41.4822
2.31443,1.98323,38.7404
2.21681,1.80451,40.4210
2.18561,2.03754,42.9315
2.27749,1.93667,40.6132
2.28887,1.86644,39.5540
2.36738,1.82096,43.2462
2.29412,1.87677,48.2222
2.51454,1.78072,39.5716
2.36913,1.77014,36.4439
2.23403,1.93420,44.2161
2.32772,1.88581,36.0552
2.47607,1.89107,41.8550
2.13689,1.74722,40.8985
2.87190,1.95182,40.0609
2.99707,1.85284,38.7576
2.42500,1.93792,38.4116
2.44472,1.85484,38.6024
2.31039,2.01383,41.9989
2.44618,1.81066,36.1504
2.36129,1.86819,37.7147
2.14122,1.97084,44.6593
2.22959,2.02785,42.5176
2.29232,1.87646,42.0927
2.21051,1.79759,40.4174
2.25685,1.86030,40.3521
2.86100,1.77936,38.1991
2.12332,1.89004,43.0976
2.31710,1.95651,42.6363
2.13070,1.80242,39.9514
2.24548,1.85449,40.6501
2.57781,1.86521,35.4947
2.37911,1.93388,36.0609
2.20283,2.02505,41.5432
2.21051,1.79759,40.4174
2.41597,1.85320,43.4383
2.36526,1.99528,43.2208
2.27986,1.85001,43.8355
2.38567,1.84806,38.3136
2.29092,1.86203,36.5903
2.52861,1.90369,36.8940
2.22910,2.05894,47.4489
2.21923,1.87183,37.8631
2.53523,1.73786,40.3413
2.33872,1.96642,39.4982
2.13689,1.74722,40.8985
2.50998,1.95458,39.9951
2.39117,1.89234,38.3760
2.97589,1.82493,42.8506
2.46421,1.97057,37.5012
1.85913,1.65678,37.6797
2.75462,1.88259,45.3997
2.27986,1.85001,43.8355
2.13659,1.80973,37.7913
2.32456,1.98281,42.9469
2.29232,1.87646,42.0927
2.13545,1.86238,44.3789
2.51454,1.78072,39.5716
2.48005,1.76178,41.3732
2.36267,1.93440,39.9008
2.09359,1.80255,41.0737
2.32875,1.86576,37.0383
2.55537,1.90501,37.4255
2.44260,1.90970,41.1657
2.58759,1.75415,34.9907
2.50980,1.78239,39.1818
3.68878,1.87214,37.4913
2.21014,1.76589,36.4284
2.27010,1.83521,43.5916
2.33872,1.93770,40.4147
2.21280,1.82770,45.3822
2.19829,1.89873,39.6294
2.45074,1.96093,44.2109
2.22865,1.80452,42.1456
2.12617,1.68665,40.0962
2.21280,1.82770,45.3822
2.44618,1.81066,36.1504
2.26625,2.03393,44.5228
2.23534,1.84829,38.9491
2.31401,1.77400,43.0187
2.51410,1.86923,38.5919
2.20897,1.82573,42.4500
2.07935,1.91048,40.3371
2.33018,1.98861,41.2114
2.31988,1.98972,44.3104
2.23642,1.72983,43.0153
2.19202,1.84560,37.5800
2.08763,2.00419,42.6334
2.26579,1.87531,41.8554
2.23534,1.84829,38.9491
2.40576,1.91111,41.2224
2.33316,1.91747,38.1228
2.22934,1.85054,40.3367
2.20897,1.82573,42.4500
2.39117,1.89234,38.3760
2.22424,1.97526,41.1772
2.99707,1.85284,38.7576
2.51758,1.91404,40.0728
2.28049,1.74635,39.9311
2.24427,1.93729,42.8689
2.07935,1.91048,40.3371
2.75462,1.88259,45.3997
2.49578,1.77037,38.5424
2.20897,1.82573,42.4500
2.27905,1.88990,39.8202
2.21704,1.79631,42.1665
2.39506,1.94039,41.5607
2.40744,1.90182,37.9534
2.67109,1.81449,34.3179
2.18254,1.97167,43.1458
2.51758,1.91404,40.0728
2.39955,1.88993,39.1908
3.01416,1.86485,37.2675
2.19202,1.84560,37.5800
2.51454,1.78072,39.5716
2.18683,1.90597,41.8311
2.02929,2.15524,46.5005
2.10166,1.74057,42.6817
2.23626,1.91326,41.7351
2.39955,1.88993,39.1908
2.39746,1.88855,37.9958
2.19829,1.89873,39.6294
2.33378,1.88555,47.2096
2.12244,1.79651,38.8477
2.18355,1.95328,45.6150
3.51470,1.80812,39.6199
2.08771,2.08544,42.8903
2.55466,1.80429,39.0515
2.98031,1.83306,38.6565
2.04938,1.78714,36.5663
2.60808,1.80786,34.9052
2.54323,1.92921,40.7608
2.22006,1.93210,43.5573
2.16868,1.88775,43.3721
2.60181,1.83255,36.9781
2.22424,1.97526,41.1772
2.61433,1.91413,37.8375
2.70702,1.99770,37.0780
2.39506,1.94039,41.5607
2.27618,1.85044,37.2672
2.67109,1.81449,34.3179
2.37821,1.92062,41.8376
2.55908,2.08290,43.3556
2.47527,1.93003,40.2511
2.24091,1.86400,41.1946
2.13198,1.94673,40.4919
2.36917,1.88027,38.0535
2.24548,1.85449,40.6501
3.32952,2.92971,45.6307
3.70953,2.96585,38.5892
3.58742,2.97650,41.1070
3.66416,3.00297,40.8382
3.47789,2.96649,43.0802
3.82759,3.08141,40.4315
3.68841,2.91088,40.4784
3.44136,2.95478,40.5434
3.33354,2.98108,42.8888
3.54384,3.04650,41.1497
3.64659,2.87282,36.5862
3.55749,3.00193,41.7886
3.69304,2.92655,40.9295
3.56660,2.91372,39.8021
3.70065,2.87039,39.9016
3.38791,2.83508,41.5412
3.14651,2.65495,41.4750
3.59908,3.02198,43.2086
3.55050,2.97402,40.8261
3.45221,2.99103,41.9485
3.64762,2.99653,42.7851
3.63665,3.15785,43.0048
3.57302,2.80213,38.0952
3.41856,2.86819,42.2486
3.44214,2.94921,41.7521
3.36596,2.88225,44.9715
3.87349,2.99095,38.0851
3.54630,3.07152,41.5124
3.52479,2.94034,40.3414
3.76839,2.81557,37.4334
3.56772,2.78377,36.3569
3.40101,3.00855,41.6361
3.56841,3.05209,41.5830
3.61177,2.85458,37.6233
3.45030,2.90091,41.0242
3.31365,2.88446,43.3111
3.75920,3.01407,39.5251
3.39658,2.98923,43.0356
3.43821,2.90075,41.0596
3.57134,2.77823,37.2638
3.66434,2.90499,37.9042
3.68841,2.91088,40.4784
3.37036,2.96043,43.4484
3.58742,2.97650,41.1070
3.44098,2.84520,42.1322
3.42092,2.87913,40.5666
3.50519,3.00798,40.4998
3.87681,2.91692,36.7970
3.89337,2.89067,39.1924
3.45714,2.89625,42.9958
3.55050,2.97402,40.8261
3.52192,3.01044,43.7198
3.48494,2.89929,41.1583
3.51590,2.90479,43.9039
3.60971,2.93293,36.2288
3.87349,2.99095,38.0851
3.77000,2.97166,40.4849
3.44214,2.94921,41.7521
3.55440,3.11092,40.8562
3.36774,2.90923,44.5523
3.76995,2.86549,36.8418
3.50519,3.00798,40.4998
3.33723,2.75972,41.1026
3.32402,2.95304,40.0520
3.61046,2.95290,40.7018
3.50240,2.90265,39.8688
3.39658,2.98923,43.0356
3.42783,2.93443,41.4007
3.83499,3.00769,41.1441
3.97658,2.84653,37.7483
3.75516,2.97154,39.4998
3.69939,2.79570,39.0781
3.58527,3.00546,41.5582
3.33742,2.77703,43.7281
3.33440,2.79114,41.9746
3.42092,2.87913,40.5666
3.47789,2.96649,43.0802
3.61483,2.88728,39.2706
3.76538,2.79335,39.9514
3.51683,2.89290,40.1870
3.43240,2.87219,44.1889
3.26352,2.87943,39.8151
3.42681,2.92668,42.0368
3.59548,2.87578,39.4098
3.43394,2.97364,41.8527
3.40113,2.99679,44.6998
3.42765,2.93113,40.6610
3.55882,2.87313,37.9057
3.61177,2.85458,37.6233
3.38405,2.90068,45.0179
3.60111,3.03023,45.0845
3.63665,3.15785,43.0048
3.56431,2.98310,41.7566
3.62835,3.01731,43.2755
3.66474,3.16195,41.3297
3.70887,3.10368,41.8134
3.53630,3.10792,40.0871
3.36285,2.89370,43.4671
3.43680,2.93669,43.8759
3.48513,2.82587,38.5173
3.88950,3.05051,42.8848
3.43029,2.85762,40.2783
3.41127,2.85063,43.5590
3.68462,2.90005,39.5123
3.42937,2.89398,39.0361
3.61046,2.95290,40.7018
3.45113,2.86622,43.9742
3.51605,3.02569,44.4183
3.44017,2.93389,44.0363
3.39897,2.92854,42.8805
3.87493,2.93850,41.2573
3.45604,2.88922,41.6822
3.61046,2.95290,40.7018
3.45735,2.91543,39.6898
3.77823,2.80233,35.7412
3.46880,2.86887,40.2563
3.44310,2.95408,40.2466
3.51069,2.99028,40.5406
3.55211,3.00289,43.0039
3.60385,2.86418,39.0939
3.68462,2.90005,39.5123
3.42482,2.88290,43.8540
3.44216,2.82193,40.4860
3.80385,2.95770,37.1615
3.41623,2.86708,42.6833
3.67189,3.01425,39.7810
3.39153,3.10884,44.6182
3.43781,2.84941,41.0367
3.44309,3.09266,43.0116
3.65436,2.88710,39.6866
3.15513,2.89832,41.9288
3.55791,3.08361,42.3944
3.54449,3.10619,38.9751
3.45604,2.88922,41.6822
3.58742,2.97650,41.1070
3.52152,2.97655,41.5316
3.56431,2.98310,41.7566
3.36774,2.90923,44.5523
3.86020,2.95872,42.6424
3.69161,2.93321,43.4259
3.96994,2.84899,35.8428
3.70052,2.85329,37.0999
3.67487,3.01069,39.0449
3.85412,2.93309,42.0753
3.52288,2.92288,40.1191
3.45580,2.91217,42.8250
3.51315,2.95867,41.9813
3.62704,3.05632,38.9510
3.54780,2.90745,39.6959
3.64406,2.88882,39.4611
3.44141,2.85757,41.4102
3.76839,2.81557,37.4334
3.76618,3.03695,41.7251
3.33295,2.92700,45.4675
3.52043,2.99497,41.7369
3.43003,2.88337,42.5346
3.79640,2.90581,35.8341
3.44711,2.88031,40.7964
3.83022,3.13553,38.3365
3.56469,2.90897,43.1282
3.60385,2.86418,39.0939
3.45604,2.88922,41.6822
3.60728,3.04686,43.5265
3.52479,2.94034,40.3414
3.53590,3.08346,41.8449
3.44686,2.89041,42.5164
3.92625,2.90344,38.0185
3.31365,2.88446,43.3111
3.45047,2.90767,39.5799
3.79640,2.90581,35.8341
3.55605,2.92695,38.8269
3.51683,2.89290,40.1870
3.32402,2.95304,40.0520
3.83252,2.98568,38.4504
3.41150,2.84587,41.8702
3.47424,2.84299,42.9037
3.40456,2.81593,41.6229
3.24925,2.74843,41.7867
3.51683,2.89290,40.1870
3.46594,2.96876,43.4492
3.63426,3.07376,43.0800
3.33440,2.79114,41.9746
3.67073,3.18758,44.5848
3.60385,2.86418,39.0939
3.33354,2.98108,42.8888
3.47789,2.96649,43.0802
3.66304,2.93042,39.3579
3.95780,2.95210,42.6207
3.44098,2.84520,42.1322
3.71142,2.87602,37.7543
3.67305,2.91666,40.2670
3.69201,3.09375,43.5373
3.35852,2.70340,40.5025
3.76995,2.86549,36.8418
3.43781,2.84941,41.0367
3.39735,2.91832,40.9707
3.55592,3.10860,40.7105
3.83506,2.85130,38.9939
3.57594,3.04363,42.9489
3.40456,2.81593,41.6229
3.47424,2.84299,42.9037
3.43821,2.90075,41.0596
3.44310,2.95408,40.2466
3.71142,2.87602,37.7543
3.44686,2.89041,42.5164
3.42681,2.92668,42.0368
3.47320,2.91787,43.4826
3.51315,2.95867,41.9813
3.68642,2.92313,36.1512
3.55874,2.90743,38.1153
3.36641,2.89760,39.9220
3.76538,2.79335,39.9514
3.45714,2.89625,42.9958
3.92417,3.02709,39.6378
3.45090,3.04351,43.7458
3.73376,2.95009,39.6283
3.72584,2.98006,43.4146
3.54884,3.04684,40.2946
3.38568,2.83405,42.8477
3.60192,2.96493,38.0720
3.37236,2.78077,40.2264
3.39897,2.92854,42.8805
3.61046,2.95290,40.7018
3.41375,2.93434,42.4540
3.32776,2.81182,42.6454
4.00657,2.97392,38.4569
3.56563,2.82420,40.3532
3.55050,2.97402,40.8261
3.53308,2.92523,41.4908
3.39712,2.82817,39.9021
3.44098,2.84520,42.1322
3.34091,2.86005,40.7954
3.85412,2.93309,42.0753
3.51069,2.99028,40.5406
3.51005,2.95939,43.5995
3.38815,2.84803,44.1306
3.45107,2.89607,42.6638
3.74005,2.89581,37.1997
3.54018,2.98448,42.1213
3.47523,2.92590,42.7207
3.61177,2.85458,37.6233
3.42092,2.87913,40.5666
3.51157,2.97830,45.0053
3.46810,2.88373,38.9646
3.47150,2.88411,46.6526
3.38405,2.90068,45.0179
3.45107,2.96051,43.2276
3.39281,2.81333,38.5048
3.41127,2.85063,43.5590
3.33354,2.98108,42.8888
3.44919,2.93644,45.0910
3.52289,2.91564,40.5670
3.64470,3.02631,42.5585
3.45151,3.06371,44.0866
3.42583,2.67463,39.2318
3.44017,2.93389,44.0363
3.64693,3.05890,43.2514
3.51005,2.95939,43.5995
3.68642,2.92313,36.1512
3.46928,2.82835,37.0140
3.42783,2.93443,41.4007
3.43857,2.69907,37.5831
3.35110,2.87588,41.2377
3.42532,2.87885,42.7276
3.52288,2.92288,40.1191
3.77000,2.97166,40.4849
3.72460,2.91167,38.2185
3.74005,2.89581,37.1997
3.58328,3.00166,46.2404
3.65045,3.06938,39.6270
3.52152,2.97655,41.5316
3.47423,2.88451,41.2905
3.19913,2.76781,41.7851
3.44310,2.95408,40.2466
3.69304,2.92655,40.9295
3.67507,3.12634,41.1540
3.49834,2.97796,44.2156
3.69939,2.79570,39.0781
3.41956,3.14940,43.3208
4.13613,2.79733,38.1929
3.56058,2.94144,42.3403
3.75516,2.97154,39.4998
3.49144,2.92516,41.9665
3.92417,3.02709,39.6378
3.45072,2.87371,40.5471
3.45714,2.89625,42.9958
3.62835,3.01731,43.2755
3.45714,2.89625,42.9958
3.89981,2.98564,36.2068
3.63937,2.95713,39.7104
3.70953,2.96585,38.5892
3.70953,2.96585,38.5892
3.19913,2.76781,41.7851
3.33726,2.87585,41.2255
3.48805,3.08885,44.2108
3.50114,2.93340,42.6668
3.43394,2.97364,41.8527
3.32402,2.95304,40.0520
3.64470,3.02631,42.5585
3.46880,2.86887,40.2563
3.52908,2.86264,39.8033
3.55308,3.00090,42.4024
3.49667,2.88621,39.7980
3.43029,2.85762,40.2783
3.75302,3.08937,38.4750
3.85091,2.91862,41.7650
3.69032,2.93604,40.9025
3.54174,2.93600,41.7693
3.64406,2.88882,39.4611
3.51315,2.95867,41.9813
3.55749,3.00193,41.7886
3.35110,2.87588,41.2377
3.43923,2.87850,39.9910
3.57192,3.00213,39.8177
3.48494,2.89929,41.1583
3.85175,3.00418,37.6765
3.43240,2.87219,44.1889
3.40914,2.83415,42.3532
4.00657,2.97392,38.4569
3.56187,3.10513,41.3008
3.41375,2.93434,42.4540
4.02478,2.88021,38.0979
3.25069,2.77264,41.5312
3.38032,2.85175,42.9816
3.36108,2.85417,46.9245
3.89337,2.89067,39.1924
3.51605,3.02569,44.4183
3.47234,2.96709,44.5295
3.58868,3.08338,40.6120
3.49386,2.91636,41.9708
3.46031,2.88081,39.5827
3.75155,3.01419,42.3880
3.83506,2.85130,38.9939
3.45714,2.89625,42.9958
3.63754,2.98396,40.6623
3.44309,3.09266,43.0116
3.78770,2.84896,39.5486
3.68413,3.05831,41.0198
5.05714,2.86389,35.5759
3.19140,2.90605,42.4556
3.46810,2.88373,38.9646
3.61046,2.95290,40.7018
3.30195,3.13411,38.3140
3.49834,2.97796,44.2156
3.51154,2.84631,36.8530
3.25069,2.77264,41.5312
3.48091,2.82394,38.5263
3.61267,2.88410,40.3421
3.32776,2.81182,42.6454
3.53043,2.92432,46.4823
3.58504,2.99108,41.2272
3.46792,3.01397,41.4822
3.41375,2.93434,42.4540
3.68462,2.90005,39.5123
3.43640,2.94813,41.4843
3.57342,2.97840,42.0154
3.46810,2.88373,38.9646
3.66434,2.90499,37.9042
3.33295,2.92700,45.4675
3.48046,2.83976,40.2273
3.46562,2.91144,45.0458
3.47281,2.78284,35.3849
3.59548,2.87578,39.4098
3.86815,2.92906,41.0435
3.65865,2.90787,41.0591
3.76618,3.03695,41.7251
3.76249,3.09726,43.0947
3.58504,2.99108,41.2272
5.16035,2.94251,34.6155
3.46928,2.82835,37.0140
3.67251,3.00957,38.8753
3.50534,2.90343,39.4358
3.43438,2.89774,40.5776
5.10270,2.88247,35.5102
3.44017,2.93389,44.0363
3.57594,3.04363,42.9489
3.70791,2.95182,39.0416
3.43394,2.97364,41.8527
3.56915,3.05826,43.4868
3.44945,2.88757,42.1358
3.40250,2.85347,42.8256
3.50311,2.80279,38.8407
3.36285,2.89370,43.4671
3.60385,2.86418,39.0939
3.45107,2.89607,42.6638
3.56563,2.82420,40.3532
3.48012,2.92304,41.3538
3.40506,2.88396,37.1385
3.72460,2.91167,38.2185
3.54866,2.88684,38.2823
3.43821,2.90075,41.0596
3.25721,2.77499,43.5607
3.45714,2.89625,42.9958
3.48479,2.84012,41.7043
3.44098,2.84520,42.1322
3.56563,2.82420,40.3532
3.37516,2.86318,44.4824
3.48046,2.83976,40.2273
3.41375,2.93434,42.4540
3.56951,3.03990,43.1295
3.41127,2.85063,43.5590
3.65539,2.94636,38.5664
3.86815,2.92906,41.0435
3.61046,2.95290,40.7018
3.48508,3.01294,40.7182
3.43003,2.88337,42.5346
3.47523,2.92590,42.7207
4.09941,2.94020,37.5444
3.61483,2.88728,39.2706
3.54084,2.98617,41.6230
3.54086,2.76600,38.8096
3.46792,3.01397,41.4822
3.49834,2.97796,44.2156
3.48091,2.82394,38.5263
3.48046,2.83976,40.2273
3.92625,2.90344,38.0185
3.44469,2.92800,41.5960
3.38032,2.85175,42.9816
3.45221,2.99103,41.9485
3.40239,2.82233,41.0244
3.66299,3.06519,37.8799
3.60728,3.04686,43.5265
3.55722,2.91513,41.8209
3.43394,2.97364,41.8527
3.39326,3.06151,46.2402
3.62810,2.84332,37.2695
3.71142,2.87602,37.7543
3.75155,3.01419,42.3880
3.43640,2.94813,41.4843
3.42092,2.87913,40.5666
3.34539,2.83365,44.3223
3.56915,3.05826,43.4868
3.78161,2.85517,41.1813
3.73723,2.82806,43.2367
3.53497,2.97341,44.0970
3.56469,2.90897,43.1282
3.54084,2.98617,41.6230
3.52066,2.97449,40.5958
3.43680,2.93669,43.8759
3.54086,2.76600,38.8096
3.53630,3.10792,40.0871
3.36774,2.90923,44.5523
3.22666,2.93915,42.2118
3.80865,2.98866,41.5532
3.50534,2.90343,39.4358
3.62285,2.99420,39.0700
3.52838,2.98132,40.1388
3.44017,2.93389,44.0363
3.72460,2.91167,38.2185
3.43121,2.86304,40.3552
3.46535,2.95548,40.8301
3.26215,3.09510,49.0717
3.55882,2.87313,37.9057
3.42681,2.92668,42.0368
3.76995,2.86549,36.8418
3.40914,2.83415,42.3532
3.51605,3.02569,44.4183
3.55050,2.97402,40.8261
3.50042,3.14466,43.6850
3.58298,2.97878,40.2026
3.45090,3.04351,43.7458
3.37663,2.88714,41.2414
3.56772,2.78377,36.3569
3.47073,2.92359,42.8782
3.47806,2.89755,41.9620
3.75516,2.97154,39.4998
3.55308,3.00090,42.4024
3.18317,2.91166,42.4966
3.39712,2.82817,39.9021
3.43394,2.97364,41.8527
3.52152,2.97655,41.5316
3.51154,2.84631,36.8530
3.78770,2.84896,39.5486
3.43781,2.84941,41.0367
3.54086,2.76600,38.8096
3.76835,2.81417,36.6459
3.66304,2.93042,39.3579
3.54018,2.98448,42.1213
3.52289,2.91564,40.5670
3.46732,2.87618,42.5652
3.54084,2.98617,41.6230
3.56593,2.91969,40.7355
3.50114,2.93340,42.6668
3.44711,2.88031,40.7964
3.36774,2.90923,44.5523
3.64746,2.99614,38.9285
3.40456,2.81593,41.6229
3.43680,2.93669,43.8759
3.49344,3.06546,45.4143
3.45710,2.88096,40.4981
3.52837,2.84569,39.6484
3.36468,2.81221,38.2357
3.32402,2.95304,40.0520
3.20421,2.91322,42.7013
3.44919,2.93644,45.0910
3.41856,2.86819,42.2486
3.39153,3.10884,44.6182
3.60111,3.03023,45.0845
3.57342,2.97840,42.0154
3.46562,2.91144,45.0458
3.13756,2.64746,40.6470
